template_id,biometric_id,student_id,full_name,finger_name,hand,minutiae_count,template_size_bytes,image_quality_score,enrollment_device,enrollment_date,template_format,status
FP-UGF23AI100-F01,BIO0100,UGF23AI100,Namrata Prasad Patel,Right Index,Right,34,461,74,ZKTeco SF100,2024-06-19,ISO 19794-2,Active
FP-UGF23AI100-F04,BIO0100,UGF23AI100,Namrata Prasad Patel,Right Little,Right,72,410,78,ZKTeco SF100,2024-06-19,ISO 19794-2,Active
FP-UGF23AI101-F03,BIO0101,UGF23AI101,Jatin Kumar Ambhore,Right Ring,Right,56,512,94,Secugen Hamster Pro,2024-06-06,ISO 19794-2,Active
FP-UGF23AI101-F07,BIO0101,UGF23AI101,Jatin Kumar Ambhore,Left Middle,Left,44,432,72,Secugen Hamster Pro,2024-06-06,ISO 19794-2,Active
FP-UGF23AI102-F02,BIO0102,UGF23AI102,Mohit Shankar Gaikwad,Right Middle,Right,18,490,60,ZKTeco K40,2024-06-14,ISO 19794-2,Active
FP-UGF23AI102-F07,BIO0102,UGF23AI102,Mohit Shankar Gaikwad,Left Middle,Left,54,466,67,ZKTeco K40,2024-06-14,ISO 19794-2,Active
FP-UGF23AI103-F00,BIO0103,UGF23AI103,Suresh Londhe,Right Thumb,Right,51,400,84,ZKTeco K40,2024-06-04,ISO 19794-2,Active
FP-UGF23AI103-F08,BIO0103,UGF23AI103,Suresh Londhe,Left Ring,Left,59,426,80,ZKTeco K40,2024-06-04,ISO 19794-2,Active
FP-UGF23AI104-F00,BIO0104,UGF23AI104,Anjali Nath More,Right Thumb,Right,44,446,66,Mantra MFS100,2024-06-05,ISO 19794-2,Active
FP-UGF23AI104-F09,BIO0104,UGF23AI104,Anjali Nath More,Left Little,Left,27,454,97,Mantra MFS100,2024-06-05,ISO 19794-2,Active
FP-UGF23AI105-F02,BIO0105,UGF23AI105,Vikas Raj Mukherjee,Right Middle,Right,34,433,94,Startek FM220U,2024-06-16,ISO 19794-2,Active
FP-UGF23AI105-F08,BIO0105,UGF23AI105,Vikas Raj Mukherjee,Left Ring,Left,45,472,83,Startek FM220U,2024-06-16,ISO 19794-2,Active
FP-UGF23AI106-F03,BIO0106,UGF23AI106,Manish Das Ambhore,Right Ring,Right,57,435,85,Secugen Hamster Pro,2024-06-03,ISO 19794-2,Active
FP-UGF23AI106-F00,BIO0106,UGF23AI106,Manish Das Ambhore,Right Thumb,Right,66,426,86,Secugen Hamster Pro,2024-06-03,ISO 19794-2,Active
FP-UGF23AI107-F04,BIO0107,UGF23AI107,Mohit Nath Gangurde,Right Little,Right,53,500,95,Startek FM220U,2024-06-14,ISO 19794-2,Active
FP-UGF23AI107-F09,BIO0107,UGF23AI107,Mohit Nath Gangurde,Left Little,Left,48,422,83,Startek FM220U,2024-06-14,ISO 19794-2,Active
FP-UGF23AI108-F00,BIO0108,UGF23AI108,Kamla Ram Mehta,Right Thumb,Right,53,471,90,Startek FM220U,2024-06-21,ISO 19794-2,Active
FP-UGF23AI108-F09,BIO0108,UGF23AI108,Kamla Ram Mehta,Left Little,Left,34,439,96,Startek FM220U,2024-06-21,ISO 19794-2,Active
FP-UGF23AI109-F04,BIO0109,UGF23AI109,Mohit Rao Agarwal,Right Little,Right,40,499,85,ZKTeco K40,2024-06-10,ISO 19794-2,Active
FP-UGF23AI109-F03,BIO0109,UGF23AI109,Mohit Rao Agarwal,Right Ring,Right,65,417,67,ZKTeco K40,2024-06-10,ISO 19794-2,Active
FP-UGF23AI110-F04,BIO0110,UGF23AI110,Farhan Nair,Right Little,Right,65,429,88,ZKTeco K40,2024-06-11,ISO 19794-2,Active
FP-UGF23AI110-F07,BIO0110,UGF23AI110,Farhan Nair,Left Middle,Left,68,489,70,ZKTeco K40,2024-06-11,ISO 19794-2,Active
FP-UGF23AI111-F03,BIO0111,UGF23AI111,Mithun Iyer,Right Ring,Right,24,427,92,Mantra MFS100,2024-06-14,ISO 19794-2,Active
FP-UGF23AI111-F09,BIO0111,UGF23AI111,Mithun Iyer,Left Little,Left,43,500,81,Mantra MFS100,2024-06-14,ISO 19794-2,Active
FP-UGF23AI112-F00,BIO0112,UGF23AI112,Ravi Kumar Joshi,Right Thumb,Right,69,470,99,ZKTeco SF100,2024-06-25,ISO 19794-2,Active
FP-UGF23AI112-F03,BIO0112,UGF23AI112,Ravi Kumar Joshi,Right Ring,Right,62,487,63,ZKTeco SF100,2024-06-25,ISO 19794-2,Active
FP-UGF23AI113-F03,BIO0113,UGF23AI113,Farhan Dange,Right Ring,Right,28,449,60,Startek FM220U,2024-06-01,ISO 19794-2,Active
FP-UGF23AI113-F00,BIO0113,UGF23AI113,Farhan Dange,Right Thumb,Right,69,411,69,Startek FM220U,2024-06-01,ISO 19794-2,Active
FP-UGF23AI114-F01,BIO0114,UGF23AI114,Onkar Prasad Mishra,Right Index,Right,48,476,87,ZKTeco K40,2024-06-16,ISO 19794-2,Active
FP-UGF23AI114-F04,BIO0114,UGF23AI114,Onkar Prasad Mishra,Right Little,Right,23,408,76,ZKTeco K40,2024-06-16,ISO 19794-2,Active
FP-UGF23AI115-F00,BIO0115,UGF23AI115,Divya Zende,Right Thumb,Right,32,447,65,Secugen Hamster Pro,2024-06-06,ISO 19794-2,Active
FP-UGF23AI115-F07,BIO0115,UGF23AI115,Divya Zende,Left Middle,Left,56,404,84,Secugen Hamster Pro,2024-06-06,ISO 19794-2,Active
FP-UGF23AI116-F02,BIO0116,UGF23AI116,Nikhil Prakash Hatwar,Right Middle,Right,43,478,93,Startek FM220U,2024-06-01,ISO 19794-2,Active
FP-UGF23AI116-F00,BIO0116,UGF23AI116,Nikhil Prakash Hatwar,Right Thumb,Right,36,491,98,Startek FM220U,2024-06-01,ISO 19794-2,Active
FP-UGF23AI117-F04,BIO0117,UGF23AI117,Bhushan Raj Chatterjee,Right Little,Right,21,499,71,Startek FM220U,2024-06-08,ISO 19794-2,Active
FP-UGF23AI117-F03,BIO0117,UGF23AI117,Bhushan Raj Chatterjee,Right Ring,Right,58,463,88,Startek FM220U,2024-06-08,ISO 19794-2,Active
FP-UGF23AI118-F00,BIO0118,UGF23AI118,Gunjan Pandey,Right Thumb,Right,18,425,93,Secugen Hamster Pro,2024-06-25,ISO 19794-2,Active
FP-UGF23AI118-F06,BIO0118,UGF23AI118,Gunjan Pandey,Left Index,Left,36,424,62,Secugen Hamster Pro,2024-06-25,ISO 19794-2,Active
FP-UGF23AI119-F00,BIO0119,UGF23AI119,Fatima Lal Ahuja,Right Thumb,Right,68,476,92,ZKTeco K40,2024-06-02,ISO 19794-2,Active
FP-UGF23AI119-F03,BIO0119,UGF23AI119,Fatima Lal Ahuja,Right Ring,Right,51,489,74,ZKTeco K40,2024-06-02,ISO 19794-2,Active
FP-UGF23AI120-F04,BIO0120,UGF23AI120,Farhan Devi Pandey,Right Little,Right,57,421,62,Startek FM220U,2024-06-21,ISO 19794-2,Active
FP-UGF23AI120-F01,BIO0120,UGF23AI120,Farhan Devi Pandey,Right Index,Right,41,430,60,Startek FM220U,2024-06-21,ISO 19794-2,Active
FP-UGF23AI121-F02,BIO0121,UGF23AI121,Manish Chand Mehta,Right Middle,Right,28,411,77,ZKTeco SF100,2024-06-09,ISO 19794-2,Active
FP-UGF23AI121-F09,BIO0121,UGF23AI121,Manish Chand Mehta,Left Little,Left,67,451,82,ZKTeco SF100,2024-06-09,ISO 19794-2,Active
FP-UGF23AI122-F00,BIO0122,UGF23AI122,Iqbal Raj Pillai,Right Thumb,Right,60,450,85,ZKTeco K40,2024-06-18,ISO 19794-2,Active
FP-UGF23AI122-F07,BIO0122,UGF23AI122,Iqbal Raj Pillai,Left Middle,Left,55,425,93,ZKTeco K40,2024-06-18,ISO 19794-2,Active
FP-UGF23AI123-F04,BIO0123,UGF23AI123,Kavya Devi Yadav,Right Little,Right,18,494,64,Secugen Hamster Pro,2024-06-15,ISO 19794-2,Inactive
FP-UGF23AI123-F00,BIO0123,UGF23AI123,Kavya Devi Yadav,Right Thumb,Right,23,470,78,Secugen Hamster Pro,2024-06-15,ISO 19794-2,Inactive
FP-UGF23AI124-F04,BIO0124,UGF23AI124,Priya Das Shah,Right Little,Right,64,506,95,Startek FM220U,2024-06-09,ISO 19794-2,Active
FP-UGF23AI124-F06,BIO0124,UGF23AI124,Priya Das Shah,Left Index,Left,55,444,82,Startek FM220U,2024-06-09,ISO 19794-2,Active
FP-UGF23AI125-F03,BIO0125,UGF23AI125,Hina Das Thakur,Right Ring,Right,70,435,74,ZKTeco K40,2024-06-04,ISO 19794-2,Active
FP-UGF23AI125-F04,BIO0125,UGF23AI125,Hina Das Thakur,Right Little,Right,56,424,89,ZKTeco K40,2024-06-04,ISO 19794-2,Active
FP-UGF23AI126-F02,BIO0126,UGF23AI126,Rajesh Shankar Chavan,Right Middle,Right,43,473,60,Mantra MFS100,2024-06-24,ISO 19794-2,Active
FP-UGF23AI126-F05,BIO0126,UGF23AI126,Rajesh Shankar Chavan,Left Thumb,Left,34,422,86,Mantra MFS100,2024-06-24,ISO 19794-2,Active
FP-UGF23AI127-F04,BIO0127,UGF23AI127,Indira Sai Hegde,Right Little,Right,50,413,95,Startek FM220U,2024-06-16,ISO 19794-2,Active
FP-UGF23AI127-F09,BIO0127,UGF23AI127,Indira Sai Hegde,Left Little,Left,22,464,78,Startek FM220U,2024-06-16,ISO 19794-2,Active
FP-UGF23AI128-F04,BIO0128,UGF23AI128,Amrita Shankar Londhe,Right Little,Right,39,414,92,Mantra MFS100,2024-06-05,ISO 19794-2,Active
FP-UGF23AI128-F07,BIO0128,UGF23AI128,Amrita Shankar Londhe,Left Middle,Left,34,512,94,Mantra MFS100,2024-06-05,ISO 19794-2,Active
FP-UGF23AI129-F04,BIO0129,UGF23AI129,Chetna Lal Ghosh,Right Little,Right,70,501,96,ZKTeco SF100,2024-06-14,ISO 19794-2,Active
FP-UGF23AI129-F06,BIO0129,UGF23AI129,Chetna Lal Ghosh,Left Index,Left,34,488,88,ZKTeco SF100,2024-06-14,ISO 19794-2,Active
FP-UGF23AI130-F00,BIO0130,UGF23AI130,Lalit Shankar Salve,Right Thumb,Right,42,472,90,ZKTeco SF100,2024-06-01,ISO 19794-2,Active
FP-UGF23AI130-F05,BIO0130,UGF23AI130,Lalit Shankar Salve,Left Thumb,Left,67,431,81,ZKTeco SF100,2024-06-01,ISO 19794-2,Active
FP-UGF23AI131-F00,BIO0131,UGF23AI131,Pooja Lal Patel,Right Thumb,Right,67,458,89,Secugen Hamster Pro,2024-06-11,ISO 19794-2,Active
FP-UGF23AI131-F04,BIO0131,UGF23AI131,Pooja Lal Patel,Right Little,Right,55,510,61,Secugen Hamster Pro,2024-06-11,ISO 19794-2,Active
FP-UGF23AI132-F03,BIO0132,UGF23AI132,Abhishek Kumar Shah,Right Ring,Right,48,414,76,Secugen Hamster Pro,2024-06-21,ISO 19794-2,Active
FP-UGF23AI132-F09,BIO0132,UGF23AI132,Abhishek Kumar Shah,Left Little,Left,22,448,74,Secugen Hamster Pro,2024-06-21,ISO 19794-2,Active
FP-UGF23AI133-F03,BIO0133,UGF23AI133,Indira Ram Ingole,Right Ring,Right,61,489,74,Secugen Hamster Pro,2024-06-03,ISO 19794-2,Active
FP-UGF23AI133-F05,BIO0133,UGF23AI133,Indira Ram Ingole,Left Thumb,Left,69,440,86,Secugen Hamster Pro,2024-06-03,ISO 19794-2,Active
FP-UGF23AI134-F01,BIO0134,UGF23AI134,Wasim Nambiar,Right Index,Right,40,466,94,Mantra MFS100,2024-06-24,ISO 19794-2,Active
FP-UGF23AI134-F03,BIO0134,UGF23AI134,Wasim Nambiar,Right Ring,Right,18,489,76,Mantra MFS100,2024-06-24,ISO 19794-2,Active
FP-UGF23AI135-F00,BIO0135,UGF23AI135,Dev Sai Dalvi,Right Thumb,Right,33,436,65,Startek FM220U,2024-06-12,ISO 19794-2,Active
FP-UGF23AI135-F01,BIO0135,UGF23AI135,Dev Sai Dalvi,Right Index,Right,43,486,81,Startek FM220U,2024-06-12,ISO 19794-2,Active
FP-UGF23AI136-F03,BIO0136,UGF23AI136,Jagdish Naik,Right Ring,Right,22,470,71,Mantra MFS100,2024-06-15,ISO 19794-2,Active
FP-UGF23AI136-F00,BIO0136,UGF23AI136,Jagdish Naik,Right Thumb,Right,48,440,82,Mantra MFS100,2024-06-15,ISO 19794-2,Active
FP-UGF23AI137-F00,BIO0137,UGF23AI137,Sarita Prakash Bhatia,Right Thumb,Right,31,473,77,Secugen Hamster Pro,2024-06-07,ISO 19794-2,Active
FP-UGF23AI137-F08,BIO0137,UGF23AI137,Sarita Prakash Bhatia,Left Ring,Left,29,495,72,Secugen Hamster Pro,2024-06-07,ISO 19794-2,Active
FP-UGF23AI138-F03,BIO0138,UGF23AI138,Shruti Prakash Das,Right Ring,Right,49,494,72,Mantra MFS100,2024-06-16,ISO 19794-2,Active
FP-UGF23AI138-F09,BIO0138,UGF23AI138,Shruti Prakash Das,Left Little,Left,33,494,75,Mantra MFS100,2024-06-16,ISO 19794-2,Active
FP-UGF23AI139-F01,BIO0139,UGF23AI139,Zara Das Rao,Right Index,Right,34,426,74,ZKTeco K40,2024-06-02,ISO 19794-2,Active
FP-UGF23AI139-F04,BIO0139,UGF23AI139,Zara Das Rao,Right Little,Right,30,506,75,ZKTeco K40,2024-06-02,ISO 19794-2,Active
FP-UGF23AI140-F01,BIO0140,UGF23AI140,Sandeep Rao Bhatia,Right Index,Right,71,479,82,ZKTeco K40,2024-06-03,ISO 19794-2,Active
FP-UGF23AI140-F07,BIO0140,UGF23AI140,Sandeep Rao Bhatia,Left Middle,Left,27,499,66,ZKTeco K40,2024-06-03,ISO 19794-2,Active
FP-UGF23AI141-F00,BIO0141,UGF23AI141,Devika Shankar Joshi,Right Thumb,Right,25,410,91,ZKTeco SF100,2024-06-06,ISO 19794-2,Active
FP-UGF23AI141-F09,BIO0141,UGF23AI141,Devika Shankar Joshi,Left Little,Left,57,400,94,ZKTeco SF100,2024-06-06,ISO 19794-2,Active
FP-UGF23AI142-F03,BIO0142,UGF23AI142,Chetan Devi Raut,Right Ring,Right,20,508,90,Startek FM220U,2024-06-26,ISO 19794-2,Active
FP-UGF23AI142-F09,BIO0142,UGF23AI142,Chetan Devi Raut,Left Little,Left,41,479,80,Startek FM220U,2024-06-26,ISO 19794-2,Active
FP-UGF23AI143-F02,BIO0143,UGF23AI143,Siddharth Vaghmare,Right Middle,Right,49,512,96,Secugen Hamster Pro,2024-06-13,ISO 19794-2,Active
FP-UGF23AI143-F07,BIO0143,UGF23AI143,Siddharth Vaghmare,Left Middle,Left,35,462,71,Secugen Hamster Pro,2024-06-13,ISO 19794-2,Active
FP-UGF23AI144-F02,BIO0144,UGF23AI144,Tejas Ram Deshpande,Right Middle,Right,66,465,77,Mantra MFS100,2024-06-15,ISO 19794-2,Active
FP-UGF23AI144-F01,BIO0144,UGF23AI144,Tejas Ram Deshpande,Right Index,Right,43,428,96,Mantra MFS100,2024-06-15,ISO 19794-2,Active
FP-UGF23AI145-F03,BIO0145,UGF23AI145,Hina Ambhore,Right Ring,Right,26,406,93,Startek FM220U,2024-06-11,ISO 19794-2,Active
FP-UGF23AI145-F06,BIO0145,UGF23AI145,Hina Ambhore,Left Index,Left,69,454,90,Startek FM220U,2024-06-11,ISO 19794-2,Active
FP-UGF23AI146-F03,BIO0146,UGF23AI146,Yogesh Rao Gangurde,Right Ring,Right,52,404,92,Mantra MFS100,2024-06-16,ISO 19794-2,Active
FP-UGF23AI146-F09,BIO0146,UGF23AI146,Yogesh Rao Gangurde,Left Little,Left,40,450,71,Mantra MFS100,2024-06-16,ISO 19794-2,Active
FP-UGF23AI147-F04,BIO0147,UGF23AI147,Abhishek Nath Ghosh,Right Little,Right,47,415,93,Mantra MFS100,2024-06-11,ISO 19794-2,Active
FP-UGF23AI147-F02,BIO0147,UGF23AI147,Abhishek Nath Ghosh,Right Middle,Right,47,440,60,Mantra MFS100,2024-06-11,ISO 19794-2,Active
FP-UGF23AI148-F02,BIO0148,UGF23AI148,Chandra Kulkarni,Right Middle,Right,18,486,73,Secugen Hamster Pro,2024-06-25,ISO 19794-2,Active
FP-UGF23AI148-F08,BIO0148,UGF23AI148,Chandra Kulkarni,Left Ring,Left,42,474,66,Secugen Hamster Pro,2024-06-25,ISO 19794-2,Active
FP-UGF23AI149-F03,BIO0149,UGF23AI149,Om Raj Reddy,Right Ring,Right,38,446,99,Startek FM220U,2024-06-24,ISO 19794-2,Active
FP-UGF23AI149-F05,BIO0149,UGF23AI149,Om Raj Reddy,Left Thumb,Left,34,423,95,Startek FM220U,2024-06-24,ISO 19794-2,Active
FP-UGF23AI150-F01,BIO0150,UGF23AI150,Sakshi Prasad Ambhore,Right Index,Right,34,430,77,Secugen Hamster Pro,2024-06-07,ISO 19794-2,Active
FP-UGF23AI150-F00,BIO0150,UGF23AI150,Sakshi Prasad Ambhore,Right Thumb,Right,48,478,81,Secugen Hamster Pro,2024-06-07,ISO 19794-2,Active
FP-UGF23AI151-F01,BIO0151,UGF23AI151,Gajanan Prasad Jain,Right Index,Right,41,423,91,ZKTeco K40,2024-06-18,ISO 19794-2,Active
FP-UGF23AI151-F08,BIO0151,UGF23AI151,Gajanan Prasad Jain,Left Ring,Left,45,426,86,ZKTeco K40,2024-06-18,ISO 19794-2,Active
FP-UGF23AI152-F01,BIO0152,UGF23AI152,Ritika Bala Vaidya,Right Index,Right,62,496,83,ZKTeco K40,2024-06-12,ISO 19794-2,Active
FP-UGF23AI152-F03,BIO0152,UGF23AI152,Ritika Bala Vaidya,Right Ring,Right,41,509,85,ZKTeco K40,2024-06-12,ISO 19794-2,Active
FP-UGF23AI153-F04,BIO0153,UGF23AI153,Tariq Lal Joshi,Right Little,Right,35,457,71,Mantra MFS100,2024-06-01,ISO 19794-2,Active
FP-UGF23AI153-F05,BIO0153,UGF23AI153,Tariq Lal Joshi,Left Thumb,Left,54,416,96,Mantra MFS100,2024-06-01,ISO 19794-2,Active
FP-UGF23AI154-F04,BIO0154,UGF23AI154,Tejas Nair,Right Little,Right,61,429,66,Mantra MFS100,2024-06-13,ISO 19794-2,Active
FP-UGF23AI154-F00,BIO0154,UGF23AI154,Tejas Nair,Right Thumb,Right,64,434,75,Mantra MFS100,2024-06-13,ISO 19794-2,Active
FP-UGF23AI155-F03,BIO0155,UGF23AI155,Tushar Chand Dange,Right Ring,Right,53,455,84,ZKTeco SF100,2024-06-02,ISO 19794-2,Active
FP-UGF23AI155-F08,BIO0155,UGF23AI155,Tushar Chand Dange,Left Ring,Left,30,418,69,ZKTeco SF100,2024-06-02,ISO 19794-2,Active
FP-UGF23AI156-F01,BIO0156,UGF23AI156,Pallavi Rao Dalvi,Right Index,Right,48,503,60,ZKTeco K40,2024-06-05,ISO 19794-2,Active
FP-UGF23AI156-F09,BIO0156,UGF23AI156,Pallavi Rao Dalvi,Left Little,Left,29,453,91,ZKTeco K40,2024-06-05,ISO 19794-2,Active
FP-UGF23AI157-F04,BIO0157,UGF23AI157,Harsha Ram Reddy,Right Little,Right,26,508,93,Startek FM220U,2024-06-02,ISO 19794-2,Active
FP-UGF23AI157-F08,BIO0157,UGF23AI157,Harsha Ram Reddy,Left Ring,Left,52,492,80,Startek FM220U,2024-06-02,ISO 19794-2,Active
FP-UGF23AI158-F03,BIO0158,UGF23AI158,Jagdish Raj Jain,Right Ring,Right,68,462,79,Mantra MFS100,2024-06-22,ISO 19794-2,Active
FP-UGF23AI158-F09,BIO0158,UGF23AI158,Jagdish Raj Jain,Left Little,Left,34,471,96,Mantra MFS100,2024-06-22,ISO 19794-2,Active
FP-UGF23AI159-F02,BIO0159,UGF23AI159,Ravi Prasad Lokhande,Right Middle,Right,21,450,66,Startek FM220U,2024-06-22,ISO 19794-2,Active
FP-UGF23AI159-F09,BIO0159,UGF23AI159,Ravi Prasad Lokhande,Left Little,Left,62,420,63,Startek FM220U,2024-06-22,ISO 19794-2,Active
FP-UGF23AI160-F03,BIO0160,UGF23AI160,Pankaj Salve,Right Ring,Right,31,504,76,Mantra MFS100,2024-06-24,ISO 19794-2,Active
FP-UGF23AI160-F08,BIO0160,UGF23AI160,Pankaj Salve,Left Ring,Left,48,507,66,Mantra MFS100,2024-06-24,ISO 19794-2,Active
FP-UGF23AI161-F03,BIO0161,UGF23AI161,Madhuri Narwade,Right Ring,Right,46,495,81,Secugen Hamster Pro,2024-06-09,ISO 19794-2,Active
FP-UGF23AI161-F07,BIO0161,UGF23AI161,Madhuri Narwade,Left Middle,Left,34,446,83,Secugen Hamster Pro,2024-06-09,ISO 19794-2,Active
FP-UGF23AI162-F03,BIO0162,UGF23AI162,Hemant Naik,Right Ring,Right,53,471,76,ZKTeco SF100,2024-06-01,ISO 19794-2,Active
FP-UGF23AI162-F09,BIO0162,UGF23AI162,Hemant Naik,Left Little,Left,40,402,86,ZKTeco SF100,2024-06-01,ISO 19794-2,Active
FP-UGF23AI163-F02,BIO0163,UGF23AI163,Aditi Lal Dalvi,Right Middle,Right,25,444,98,Startek FM220U,2024-06-24,ISO 19794-2,Active
FP-UGF23AI163-F09,BIO0163,UGF23AI163,Aditi Lal Dalvi,Left Little,Left,30,473,96,Startek FM220U,2024-06-24,ISO 19794-2,Active
FP-UGF23AI164-F02,BIO0164,UGF23AI164,Vanshika Waghmare,Right Middle,Right,59,483,94,ZKTeco SF100,2024-06-24,ISO 19794-2,Active
FP-UGF23AI164-F01,BIO0164,UGF23AI164,Vanshika Waghmare,Right Index,Right,29,499,78,ZKTeco SF100,2024-06-24,ISO 19794-2,Active
FP-UGF23AI165-F02,BIO0165,UGF23AI165,Abhishek Bala Patel,Right Middle,Right,40,441,92,ZKTeco K40,2024-06-01,ISO 19794-2,Active
FP-UGF23AI165-F03,BIO0165,UGF23AI165,Abhishek Bala Patel,Right Ring,Right,49,499,88,ZKTeco K40,2024-06-01,ISO 19794-2,Active
FP-UGF23AI166-F04,BIO0166,UGF23AI166,Gaurav Naik,Right Little,Right,23,448,99,Startek FM220U,2024-06-19,ISO 19794-2,Active
FP-UGF23AI166-F08,BIO0166,UGF23AI166,Gaurav Naik,Left Ring,Left,36,459,69,Startek FM220U,2024-06-19,ISO 19794-2,Active
FP-UGF23AI167-F02,BIO0167,UGF23AI167,Tushar Agarwal,Right Middle,Right,28,481,81,Secugen Hamster Pro,2024-06-15,ISO 19794-2,Inactive
FP-UGF23AI167-F08,BIO0167,UGF23AI167,Tushar Agarwal,Left Ring,Left,44,480,99,Secugen Hamster Pro,2024-06-15,ISO 19794-2,Inactive
FP-UGF23AI168-F00,BIO0168,UGF23AI168,Dhruv Kadam,Right Thumb,Right,54,451,64,Mantra MFS100,2024-06-04,ISO 19794-2,Active
FP-UGF23AI168-F05,BIO0168,UGF23AI168,Dhruv Kadam,Left Thumb,Left,23,420,81,Mantra MFS100,2024-06-04,ISO 19794-2,Active
FP-UGF23AI169-F02,BIO0169,UGF23AI169,Ritika Kadam,Right Middle,Right,32,440,80,Secugen Hamster Pro,2024-06-20,ISO 19794-2,Active
FP-UGF23AI169-F06,BIO0169,UGF23AI169,Ritika Kadam,Left Index,Left,59,437,77,Secugen Hamster Pro,2024-06-20,ISO 19794-2,Active
FP-UGF23AI170-F01,BIO0170,UGF23AI170,Harsha Bala Das,Right Index,Right,56,482,85,ZKTeco SF100,2024-06-21,ISO 19794-2,Active
FP-UGF23AI170-F08,BIO0170,UGF23AI170,Harsha Bala Das,Left Ring,Left,35,456,83,ZKTeco SF100,2024-06-21,ISO 19794-2,Active
FP-UGF23AI171-F03,BIO0171,UGF23AI171,Suresh Ram Mehta,Right Ring,Right,65,475,93,ZKTeco SF100,2024-06-22,ISO 19794-2,Active
FP-UGF23AI171-F06,BIO0171,UGF23AI171,Suresh Ram Mehta,Left Index,Left,46,452,70,ZKTeco SF100,2024-06-22,ISO 19794-2,Active
FP-UGF23AI172-F00,BIO0172,UGF23AI172,Tushar Chand Gite,Right Thumb,Right,29,509,61,Mantra MFS100,2024-06-06,ISO 19794-2,Active
FP-UGF23AI172-F08,BIO0172,UGF23AI172,Tushar Chand Gite,Left Ring,Left,26,493,75,Mantra MFS100,2024-06-06,ISO 19794-2,Active
FP-UGF23AI173-F03,BIO0173,UGF23AI173,Tanvi Sai Mehta,Right Ring,Right,60,432,65,Mantra MFS100,2024-06-25,ISO 19794-2,Active
FP-UGF23AI173-F09,BIO0173,UGF23AI173,Tanvi Sai Mehta,Left Little,Left,31,421,85,Mantra MFS100,2024-06-25,ISO 19794-2,Active
FP-UGF23AI174-F03,BIO0174,UGF23AI174,Hemant Lal Fulzele,Right Ring,Right,24,412,64,Secugen Hamster Pro,2024-06-11,ISO 19794-2,Active
FP-UGF23AI174-F06,BIO0174,UGF23AI174,Hemant Lal Fulzele,Left Index,Left,48,470,63,Secugen Hamster Pro,2024-06-11,ISO 19794-2,Active
FP-UGF23AI175-F02,BIO0175,UGF23AI175,Vidya Rao Waghmare,Right Middle,Right,19,498,85,Startek FM220U,2024-06-25,ISO 19794-2,Active
FP-UGF23AI175-F00,BIO0175,UGF23AI175,Vidya Rao Waghmare,Right Thumb,Right,51,497,65,Startek FM220U,2024-06-25,ISO 19794-2,Active
FP-UGF23AI176-F01,BIO0176,UGF23AI176,Vishal Das Kulkarni,Right Index,Right,24,433,99,Secugen Hamster Pro,2024-06-24,ISO 19794-2,Active
FP-UGF23AI176-F00,BIO0176,UGF23AI176,Vishal Das Kulkarni,Right Thumb,Right,27,410,84,Secugen Hamster Pro,2024-06-24,ISO 19794-2,Active
FP-UGF23AI177-F00,BIO0177,UGF23AI177,Meera Lal Waghmare,Right Thumb,Right,37,429,75,ZKTeco K40,2024-06-21,ISO 19794-2,Active
FP-UGF23AI177-F01,BIO0177,UGF23AI177,Meera Lal Waghmare,Right Index,Right,65,436,88,ZKTeco K40,2024-06-21,ISO 19794-2,Active
FP-UGF23AI178-F02,BIO0178,UGF23AI178,Isha Mehta,Right Middle,Right,58,416,68,Startek FM220U,2024-06-11,ISO 19794-2,Active
FP-UGF23AI178-F09,BIO0178,UGF23AI178,Isha Mehta,Left Little,Left,51,507,70,Startek FM220U,2024-06-11,ISO 19794-2,Active
FP-UGF23AI179-F00,BIO0179,UGF23AI179,Onkar Kumar Mishra,Right Thumb,Right,19,404,82,Startek FM220U,2024-06-14,ISO 19794-2,Active
FP-UGF23AI179-F02,BIO0179,UGF23AI179,Onkar Kumar Mishra,Right Middle,Right,38,510,90,Startek FM220U,2024-06-14,ISO 19794-2,Active
FP-UGF23AI180-F04,BIO0180,UGF23AI180,Lalita Zende,Right Little,Right,47,511,94,Secugen Hamster Pro,2024-06-14,ISO 19794-2,Active
FP-UGF23AI180-F09,BIO0180,UGF23AI180,Lalita Zende,Left Little,Left,35,470,88,Secugen Hamster Pro,2024-06-14,ISO 19794-2,Active
FP-UGF23AI181-F03,BIO0181,UGF23AI181,Rahul Sai Jadhav,Right Ring,Right,26,489,94,Startek FM220U,2024-06-16,ISO 19794-2,Active
FP-UGF23AI181-F02,BIO0181,UGF23AI181,Rahul Sai Jadhav,Right Middle,Right,29,475,98,Startek FM220U,2024-06-16,ISO 19794-2,Active
FP-UGF23AI182-F02,BIO0182,UGF23AI182,Pallavi Devi Pillai,Right Middle,Right,47,480,96,ZKTeco K40,2024-06-13,ISO 19794-2,Active
FP-UGF23AI182-F07,BIO0182,UGF23AI182,Pallavi Devi Pillai,Left Middle,Left,45,467,94,ZKTeco K40,2024-06-13,ISO 19794-2,Active
FP-UGF23AI183-F04,BIO0183,UGF23AI183,Ekta Raj Vaidya,Right Little,Right,37,444,90,ZKTeco K40,2024-06-15,ISO 19794-2,Active
FP-UGF23AI183-F06,BIO0183,UGF23AI183,Ekta Raj Vaidya,Left Index,Left,52,429,65,ZKTeco K40,2024-06-15,ISO 19794-2,Active
FP-UGF23AI184-F04,BIO0184,UGF23AI184,Sneha Lal,Right Little,Right,46,439,83,Secugen Hamster Pro,2024-06-09,ISO 19794-2,Active
FP-UGF23AI184-F05,BIO0184,UGF23AI184,Sneha Lal,Left Thumb,Left,44,433,69,Secugen Hamster Pro,2024-06-09,ISO 19794-2,Active
FP-UGF23AI185-F00,BIO0185,UGF23AI185,Zara Kumar Deshpande,Right Thumb,Right,37,401,60,Startek FM220U,2024-06-05,ISO 19794-2,Active
FP-UGF23AI185-F07,BIO0185,UGF23AI185,Zara Kumar Deshpande,Left Middle,Left,51,504,68,Startek FM220U,2024-06-05,ISO 19794-2,Active
FP-UGF23AI186-F04,BIO0186,UGF23AI186,Neha Rao Banerjee,Right Little,Right,40,436,90,Secugen Hamster Pro,2024-06-02,ISO 19794-2,Active
FP-UGF23AI186-F05,BIO0186,UGF23AI186,Neha Rao Banerjee,Left Thumb,Left,52,401,91,Secugen Hamster Pro,2024-06-02,ISO 19794-2,Active
FP-UGF23AI187-F04,BIO0187,UGF23AI187,Jayesh Junghare,Right Little,Right,66,461,79,ZKTeco SF100,2024-06-18,ISO 19794-2,Active
FP-UGF23AI187-F09,BIO0187,UGF23AI187,Jayesh Junghare,Left Little,Left,18,498,87,ZKTeco SF100,2024-06-18,ISO 19794-2,Active
FP-UGF23AI188-F02,BIO0188,UGF23AI188,Bhavna Das Bhosale,Right Middle,Right,69,437,98,ZKTeco SF100,2024-06-26,ISO 19794-2,Active
FP-UGF23AI188-F07,BIO0188,UGF23AI188,Bhavna Das Bhosale,Left Middle,Left,32,501,60,ZKTeco SF100,2024-06-26,ISO 19794-2,Active
FP-UGF23AI189-F00,BIO0189,UGF23AI189,Dhruv Mukherjee,Right Thumb,Right,53,447,72,Mantra MFS100,2024-06-05,ISO 19794-2,Active
FP-UGF23AI189-F07,BIO0189,UGF23AI189,Dhruv Mukherjee,Left Middle,Left,44,512,95,Mantra MFS100,2024-06-05,ISO 19794-2,Active
FP-UGF23AI190-F01,BIO0190,UGF23AI190,Chandra Sai Wagh,Right Index,Right,45,450,75,Mantra MFS100,2024-06-26,ISO 19794-2,Active
FP-UGF23AI190-F07,BIO0190,UGF23AI190,Chandra Sai Wagh,Left Middle,Left,28,491,84,Mantra MFS100,2024-06-26,ISO 19794-2,Active
FP-UGF23AI191-F02,BIO0191,UGF23AI191,Yogesh Devi Bhosale,Right Middle,Right,71,448,74,ZKTeco SF100,2024-06-16,ISO 19794-2,Active
FP-UGF23AI191-F06,BIO0191,UGF23AI191,Yogesh Devi Bhosale,Left Index,Left,34,410,87,ZKTeco SF100,2024-06-16,ISO 19794-2,Active
FP-UGF23AI192-F01,BIO0192,UGF23AI192,Seema Lal Nambiar,Right Index,Right,58,430,93,ZKTeco SF100,2024-06-18,ISO 19794-2,Active
FP-UGF23AI192-F08,BIO0192,UGF23AI192,Seema Lal Nambiar,Left Ring,Left,66,502,99,ZKTeco SF100,2024-06-18,ISO 19794-2,Active
FP-UGF23AI193-F00,BIO0193,UGF23AI193,Farhan Das,Right Thumb,Right,69,488,77,Startek FM220U,2024-06-22,ISO 19794-2,Active
FP-UGF23AI193-F09,BIO0193,UGF23AI193,Farhan Das,Left Little,Left,36,483,94,Startek FM220U,2024-06-22,ISO 19794-2,Active
FP-UGF23AI194-F00,BIO0194,UGF23AI194,Omkar Kumar,Right Thumb,Right,69,434,86,ZKTeco K40,2024-06-17,ISO 19794-2,Active
FP-UGF23AI194-F01,BIO0194,UGF23AI194,Omkar Kumar,Right Index,Right,30,509,64,ZKTeco K40,2024-06-17,ISO 19794-2,Active
FP-UGF23AI195-F01,BIO0195,UGF23AI195,Ramesh Ghosh,Right Index,Right,29,417,78,Secugen Hamster Pro,2024-06-11,ISO 19794-2,Active
FP-UGF23AI195-F00,BIO0195,UGF23AI195,Ramesh Ghosh,Right Thumb,Right,25,481,89,Secugen Hamster Pro,2024-06-11,ISO 19794-2,Active
FP-UGF23AI196-F02,BIO0196,UGF23AI196,Lalit Unde,Right Middle,Right,57,457,77,Mantra MFS100,2024-06-21,ISO 19794-2,Active
FP-UGF23AI196-F06,BIO0196,UGF23AI196,Lalit Unde,Left Index,Left,62,479,91,Mantra MFS100,2024-06-21,ISO 19794-2,Active
FP-UGF23AI197-F01,BIO0197,UGF23AI197,Ishaan Apte,Right Index,Right,30,441,61,Secugen Hamster Pro,2024-06-03,ISO 19794-2,Inactive
FP-UGF23AI197-F07,BIO0197,UGF23AI197,Ishaan Apte,Left Middle,Left,27,406,94,Secugen Hamster Pro,2024-06-03,ISO 19794-2,Inactive
FP-UGF23AI198-F01,BIO0198,UGF23AI198,Chandra Devi Banerjee,Right Index,Right,19,423,66,Mantra MFS100,2024-06-06,ISO 19794-2,Active
FP-UGF23AI198-F03,BIO0198,UGF23AI198,Chandra Devi Banerjee,Right Ring,Right,36,434,68,Mantra MFS100,2024-06-06,ISO 19794-2,Active
FP-UGF23AI199-F02,BIO0199,UGF23AI199,Yash Ghosh,Right Middle,Right,63,456,60,ZKTeco K40,2024-06-22,ISO 19794-2,Active
FP-UGF23AI199-F07,BIO0199,UGF23AI199,Yash Ghosh,Left Middle,Left,32,411,69,ZKTeco K40,2024-06-22,ISO 19794-2,Active
FP-UGF23AI200-F02,BIO0200,UGF23AI200,Om Bhatia,Right Middle,Right,18,463,73,Startek FM220U,2024-06-25,ISO 19794-2,Active
FP-UGF23AI200-F09,BIO0200,UGF23AI200,Om Bhatia,Left Little,Left,39,453,79,Startek FM220U,2024-06-25,ISO 19794-2,Active
FP-UGF23AI201-F04,BIO0201,UGF23AI201,Chetan Ingole,Right Little,Right,68,502,91,Startek FM220U,2024-06-17,ISO 19794-2,Active
FP-UGF23AI201-F00,BIO0201,UGF23AI201,Chetan Ingole,Right Thumb,Right,41,459,62,Startek FM220U,2024-06-17,ISO 19794-2,Active
FP-UGF23AI202-F02,BIO0202,UGF23AI202,Dayanand Rao Zende,Right Middle,Right,39,410,69,ZKTeco K40,2024-06-10,ISO 19794-2,Active
FP-UGF23AI202-F01,BIO0202,UGF23AI202,Dayanand Rao Zende,Right Index,Right,21,434,85,ZKTeco K40,2024-06-10,ISO 19794-2,Active
FP-UGF23AI203-F04,BIO0203,UGF23AI203,Ravi Hegde,Right Little,Right,22,469,90,Startek FM220U,2024-06-25,ISO 19794-2,Active
FP-UGF23AI203-F01,BIO0203,UGF23AI203,Ravi Hegde,Right Index,Right,29,424,76,Startek FM220U,2024-06-25,ISO 19794-2,Active
FP-UGF23AI204-F01,BIO0204,UGF23AI204,Priti Ram Dubey,Right Index,Right,70,448,60,Startek FM220U,2024-06-17,ISO 19794-2,Active
FP-UGF23AI204-F03,BIO0204,UGF23AI204,Priti Ram Dubey,Right Ring,Right,25,498,75,Startek FM220U,2024-06-17,ISO 19794-2,Active
FP-UGF23AI205-F01,BIO0205,UGF23AI205,Firoz Unde,Right Index,Right,42,498,88,Mantra MFS100,2024-06-02,ISO 19794-2,Active
FP-UGF23AI205-F02,BIO0205,UGF23AI205,Firoz Unde,Right Middle,Right,33,494,62,Mantra MFS100,2024-06-02,ISO 19794-2,Active
FP-UGF23AI206-F04,BIO0206,UGF23AI206,Iqbal Ingle,Right Little,Right,30,458,66,Secugen Hamster Pro,2024-06-06,ISO 19794-2,Active
FP-UGF23AI206-F07,BIO0206,UGF23AI206,Iqbal Ingle,Left Middle,Left,51,485,73,Secugen Hamster Pro,2024-06-06,ISO 19794-2,Active
FP-UGF23AI207-F04,BIO0207,UGF23AI207,Sarita Devi Unde,Right Little,Right,48,449,79,Secugen Hamster Pro,2024-06-10,ISO 19794-2,Active
FP-UGF23AI207-F06,BIO0207,UGF23AI207,Sarita Devi Unde,Left Index,Left,38,420,62,Secugen Hamster Pro,2024-06-10,ISO 19794-2,Active
FP-UGF23AI208-F04,BIO0208,UGF23AI208,Akash Rao Rao,Right Little,Right,65,470,93,ZKTeco K40,2024-06-03,ISO 19794-2,Active
FP-UGF23AI208-F08,BIO0208,UGF23AI208,Akash Rao Rao,Left Ring,Left,25,432,90,ZKTeco K40,2024-06-03,ISO 19794-2,Active
FP-UGF23AI209-F00,BIO0209,UGF23AI209,Rekha Nath Tiwari,Right Thumb,Right,58,438,72,Startek FM220U,2024-06-02,ISO 19794-2,Active
FP-UGF23AI209-F09,BIO0209,UGF23AI209,Rekha Nath Tiwari,Left Little,Left,41,406,73,Startek FM220U,2024-06-02,ISO 19794-2,Active
FP-UGF23AI210-F02,BIO0210,UGF23AI210,Seema Mane,Right Middle,Right,25,430,87,ZKTeco SF100,2024-06-02,ISO 19794-2,Active
FP-UGF23AI210-F07,BIO0210,UGF23AI210,Seema Mane,Left Middle,Left,38,401,70,ZKTeco SF100,2024-06-02,ISO 19794-2,Active
FP-UGF23AI211-F02,BIO0211,UGF23AI211,Hitesh Prakash Gaikwad,Right Middle,Right,68,435,97,Startek FM220U,2024-06-04,ISO 19794-2,Inactive
FP-UGF23AI211-F03,BIO0211,UGF23AI211,Hitesh Prakash Gaikwad,Right Ring,Right,25,450,75,Startek FM220U,2024-06-04,ISO 19794-2,Inactive
FP-UGF23AI212-F03,BIO0212,UGF23AI212,Vikas Prasad Nair,Right Ring,Right,18,405,97,Mantra MFS100,2024-06-17,ISO 19794-2,Active
FP-UGF23AI212-F06,BIO0212,UGF23AI212,Vikas Prasad Nair,Left Index,Left,68,488,90,Mantra MFS100,2024-06-17,ISO 19794-2,Active
FP-UGF23AI213-F02,BIO0213,UGF23AI213,Kiran Chand Mishra,Right Middle,Right,62,476,69,Startek FM220U,2024-06-06,ISO 19794-2,Active
FP-UGF23AI213-F08,BIO0213,UGF23AI213,Kiran Chand Mishra,Left Ring,Left,41,498,65,Startek FM220U,2024-06-06,ISO 19794-2,Active
FP-UGF23AI214-F04,BIO0214,UGF23AI214,Dev Das Londhe,Right Little,Right,33,420,91,ZKTeco K40,2024-06-08,ISO 19794-2,Active
FP-UGF23AI214-F02,BIO0214,UGF23AI214,Dev Das Londhe,Right Middle,Right,23,487,99,ZKTeco K40,2024-06-08,ISO 19794-2,Active
FP-UGF23AI215-F03,BIO0215,UGF23AI215,Fatima Ram Upadhyay,Right Ring,Right,39,497,63,ZKTeco SF100,2024-06-26,ISO 19794-2,Active
FP-UGF23AI215-F04,BIO0215,UGF23AI215,Fatima Ram Upadhyay,Right Little,Right,21,445,69,ZKTeco SF100,2024-06-26,ISO 19794-2,Active
FP-UGF23AI216-F01,BIO0216,UGF23AI216,Soham Iyer,Right Index,Right,62,468,66,Startek FM220U,2024-06-24,ISO 19794-2,Active
FP-UGF23AI216-F09,BIO0216,UGF23AI216,Soham Iyer,Left Little,Left,26,462,74,Startek FM220U,2024-06-24,ISO 19794-2,Active
FP-UGF23AI217-F01,BIO0217,UGF23AI217,Tanvi Nath Chopra,Right Index,Right,38,471,82,ZKTeco K40,2024-06-19,ISO 19794-2,Active
FP-UGF23AI217-F09,BIO0217,UGF23AI217,Tanvi Nath Chopra,Left Little,Left,69,456,72,ZKTeco K40,2024-06-19,ISO 19794-2,Active
FP-UGF23AI218-F04,BIO0218,UGF23AI218,Gunjan Devi Rao,Right Little,Right,19,488,84,Startek FM220U,2024-06-04,ISO 19794-2,Active
FP-UGF23AI218-F08,BIO0218,UGF23AI218,Gunjan Devi Rao,Left Ring,Left,40,492,68,Startek FM220U,2024-06-04,ISO 19794-2,Active
FP-UGF23AI219-F03,BIO0219,UGF23AI219,Zara Lal Zende,Right Ring,Right,34,405,91,ZKTeco SF100,2024-06-21,ISO 19794-2,Active
FP-UGF23AI219-F04,BIO0219,UGF23AI219,Zara Lal Zende,Right Little,Right,63,456,95,ZKTeco SF100,2024-06-21,ISO 19794-2,Active
FP-UGF23AI220-F02,BIO0220,UGF23AI220,Wasim Bala Nair,Right Middle,Right,36,469,91,Secugen Hamster Pro,2024-06-06,ISO 19794-2,Active
FP-UGF23AI220-F03,BIO0220,UGF23AI220,Wasim Bala Nair,Right Ring,Right,30,472,71,Secugen Hamster Pro,2024-06-06,ISO 19794-2,Active
FP-UGF23AI221-F00,BIO0221,UGF23AI221,Lalita Gaikwad,Right Thumb,Right,52,444,80,ZKTeco K40,2024-06-26,ISO 19794-2,Active
FP-UGF23AI221-F01,BIO0221,UGF23AI221,Lalita Gaikwad,Right Index,Right,64,459,77,ZKTeco K40,2024-06-26,ISO 19794-2,Active
FP-UGF23AI222-F03,BIO0222,UGF23AI222,Mahesh Wagh,Right Ring,Right,71,476,95,ZKTeco SF100,2024-06-11,ISO 19794-2,Active
FP-UGF23AI222-F04,BIO0222,UGF23AI222,Mahesh Wagh,Right Little,Right,28,408,93,ZKTeco SF100,2024-06-11,ISO 19794-2,Active
FP-UGF23AI223-F01,BIO0223,UGF23AI223,Meera Ram Chatterjee,Right Index,Right,27,457,78,Startek FM220U,2024-06-15,ISO 19794-2,Active
FP-UGF23AI223-F08,BIO0223,UGF23AI223,Meera Ram Chatterjee,Left Ring,Left,70,433,94,Startek FM220U,2024-06-15,ISO 19794-2,Active
FP-UGF23AI224-F01,BIO0224,UGF23AI224,Ishaan Raj Wagh,Right Index,Right,41,458,60,Startek FM220U,2024-06-07,ISO 19794-2,Active
FP-UGF23AI224-F09,BIO0224,UGF23AI224,Ishaan Raj Wagh,Left Little,Left,67,481,92,Startek FM220U,2024-06-07,ISO 19794-2,Active
FP-UGF23AI225-F03,BIO0225,UGF23AI225,Farhan Bala Pawar,Right Ring,Right,42,493,71,Secugen Hamster Pro,2024-06-14,ISO 19794-2,Active
FP-UGF23AI225-F08,BIO0225,UGF23AI225,Farhan Bala Pawar,Left Ring,Left,19,479,83,Secugen Hamster Pro,2024-06-14,ISO 19794-2,Active
FP-UGF23AI226-F03,BIO0226,UGF23AI226,Aditi Prasad Hivrale,Right Ring,Right,67,479,75,Mantra MFS100,2024-06-03,ISO 19794-2,Active
FP-UGF23AI226-F05,BIO0226,UGF23AI226,Aditi Prasad Hivrale,Left Thumb,Left,38,492,64,Mantra MFS100,2024-06-03,ISO 19794-2,Active
FP-UGF23AI227-F00,BIO0227,UGF23AI227,Urmila Zende,Right Thumb,Right,60,468,84,Secugen Hamster Pro,2024-06-07,ISO 19794-2,Active
FP-UGF23AI227-F03,BIO0227,UGF23AI227,Urmila Zende,Right Ring,Right,30,467,91,Secugen Hamster Pro,2024-06-07,ISO 19794-2,Active
FP-UGF23AI228-F02,BIO0228,UGF23AI228,Varun Prakash Raut,Right Middle,Right,67,470,69,ZKTeco SF100,2024-06-25,ISO 19794-2,Active
FP-UGF23AI228-F06,BIO0228,UGF23AI228,Varun Prakash Raut,Left Index,Left,57,436,80,ZKTeco SF100,2024-06-25,ISO 19794-2,Active
FP-UGF23AI229-F03,BIO0229,UGF23AI229,Kalpesh Bala Hande,Right Ring,Right,44,482,80,Secugen Hamster Pro,2024-06-10,ISO 19794-2,Active
FP-UGF23AI229-F07,BIO0229,UGF23AI229,Kalpesh Bala Hande,Left Middle,Left,25,412,93,Secugen Hamster Pro,2024-06-10,ISO 19794-2,Active
FP-UGF23AI230-F04,BIO0230,UGF23AI230,Nandini Kumar Ingle,Right Little,Right,60,408,62,Secugen Hamster Pro,2024-06-06,ISO 19794-2,Active
FP-UGF23AI230-F07,BIO0230,UGF23AI230,Nandini Kumar Ingle,Left Middle,Left,71,416,71,Secugen Hamster Pro,2024-06-06,ISO 19794-2,Active
FP-UGF23AI231-F00,BIO0231,UGF23AI231,Vidya Das Kumar,Right Thumb,Right,20,425,66,ZKTeco SF100,2024-06-23,ISO 19794-2,Active
FP-UGF23AI231-F08,BIO0231,UGF23AI231,Vidya Das Kumar,Left Ring,Left,49,424,66,ZKTeco SF100,2024-06-23,ISO 19794-2,Active
FP-UGF23AI232-F03,BIO0232,UGF23AI232,Gajanan Raj Tiwari,Right Ring,Right,20,473,84,Mantra MFS100,2024-06-09,ISO 19794-2,Active
FP-UGF23AI232-F05,BIO0232,UGF23AI232,Gajanan Raj Tiwari,Left Thumb,Left,60,462,93,Mantra MFS100,2024-06-09,ISO 19794-2,Active
FP-UGF23AI233-F02,BIO0233,UGF23AI233,Pankaj Das Upadhyay,Right Middle,Right,57,489,97,Mantra MFS100,2024-06-19,ISO 19794-2,Active
FP-UGF23AI233-F05,BIO0233,UGF23AI233,Pankaj Das Upadhyay,Left Thumb,Left,34,406,83,Mantra MFS100,2024-06-19,ISO 19794-2,Active
FP-UGF23AI234-F02,BIO0234,UGF23AI234,Faisal Naik,Right Middle,Right,32,477,64,ZKTeco SF100,2024-06-15,ISO 19794-2,Active
FP-UGF23AI234-F08,BIO0234,UGF23AI234,Faisal Naik,Left Ring,Left,18,426,91,ZKTeco SF100,2024-06-15,ISO 19794-2,Active
FP-UGF23AI235-F00,BIO0235,UGF23AI235,Tariq Thakur,Right Thumb,Right,71,410,89,ZKTeco SF100,2024-06-18,ISO 19794-2,Active
FP-UGF23AI235-F04,BIO0235,UGF23AI235,Tariq Thakur,Right Little,Right,69,481,63,ZKTeco SF100,2024-06-18,ISO 19794-2,Active
FP-UGF23AI236-F01,BIO0236,UGF23AI236,Chirag Prasad Dalvi,Right Index,Right,41,471,86,ZKTeco K40,2024-06-11,ISO 19794-2,Active
FP-UGF23AI236-F05,BIO0236,UGF23AI236,Chirag Prasad Dalvi,Left Thumb,Left,70,447,63,ZKTeco K40,2024-06-11,ISO 19794-2,Active
FP-UGF23AI237-F00,BIO0237,UGF23AI237,Onkar Raj Pillai,Right Thumb,Right,70,478,77,Secugen Hamster Pro,2024-06-19,ISO 19794-2,Active
FP-UGF23AI237-F05,BIO0237,UGF23AI237,Onkar Raj Pillai,Left Thumb,Left,51,405,64,Secugen Hamster Pro,2024-06-19,ISO 19794-2,Active
FP-UGF23AI238-F03,BIO0238,UGF23AI238,Aditi Bala Bhange,Right Ring,Right,71,438,64,Mantra MFS100,2024-06-16,ISO 19794-2,Active
FP-UGF23AI238-F01,BIO0238,UGF23AI238,Aditi Bala Bhange,Right Index,Right,31,466,66,Mantra MFS100,2024-06-16,ISO 19794-2,Active
FP-UGF23AI239-F02,BIO0239,UGF23AI239,Firoz Reddy,Right Middle,Right,24,492,74,Mantra MFS100,2024-06-26,ISO 19794-2,Active
FP-UGF23AI239-F09,BIO0239,UGF23AI239,Firoz Reddy,Left Little,Left,52,449,72,Mantra MFS100,2024-06-26,ISO 19794-2,Active
FP-UGF23AI240-F00,BIO0240,UGF23AI240,Girish Prasad Deshpande,Right Thumb,Right,30,467,75,ZKTeco SF100,2024-06-16,ISO 19794-2,Active
FP-UGF23AI240-F01,BIO0240,UGF23AI240,Girish Prasad Deshpande,Right Index,Right,54,480,71,ZKTeco SF100,2024-06-16,ISO 19794-2,Active
FP-UGF23AI241-F01,BIO0241,UGF23AI241,Anjali Das Mishra,Right Index,Right,53,495,95,Mantra MFS100,2024-06-12,ISO 19794-2,Active
FP-UGF23AI241-F05,BIO0241,UGF23AI241,Anjali Das Mishra,Left Thumb,Left,44,495,66,Mantra MFS100,2024-06-12,ISO 19794-2,Active
FP-UGF23AI242-F02,BIO0242,UGF23AI242,Ravi Das Tiwari,Right Middle,Right,67,481,96,Secugen Hamster Pro,2024-06-12,ISO 19794-2,Active
FP-UGF23AI242-F04,BIO0242,UGF23AI242,Ravi Das Tiwari,Right Little,Right,40,486,89,Secugen Hamster Pro,2024-06-12,ISO 19794-2,Active
FP-UGF23AI243-F00,BIO0243,UGF23AI243,Vidya Nair,Right Thumb,Right,62,485,87,Mantra MFS100,2024-06-10,ISO 19794-2,Active
FP-UGF23AI243-F09,BIO0243,UGF23AI243,Vidya Nair,Left Little,Left,24,421,71,Mantra MFS100,2024-06-10,ISO 19794-2,Active
FP-UGF23AI244-F00,BIO0244,UGF23AI244,Vidya Shankar Gite,Right Thumb,Right,53,451,92,Startek FM220U,2024-06-10,ISO 19794-2,Active
FP-UGF23AI244-F05,BIO0244,UGF23AI244,Vidya Shankar Gite,Left Thumb,Left,39,484,70,Startek FM220U,2024-06-10,ISO 19794-2,Active
FP-UGF23AI245-F00,BIO0245,UGF23AI245,Fatima Chand Hatwar,Right Thumb,Right,52,476,88,ZKTeco K40,2024-06-08,ISO 19794-2,Inactive
FP-UGF23AI245-F08,BIO0245,UGF23AI245,Fatima Chand Hatwar,Left Ring,Left,40,440,95,ZKTeco K40,2024-06-08,ISO 19794-2,Inactive
FP-UGF23AI246-F02,BIO0246,UGF23AI246,Hina Nath Tiwari,Right Middle,Right,38,508,83,Startek FM220U,2024-06-06,ISO 19794-2,Active
FP-UGF23AI246-F03,BIO0246,UGF23AI246,Hina Nath Tiwari,Right Ring,Right,44,497,87,Startek FM220U,2024-06-06,ISO 19794-2,Active
FP-UGF23AI247-F01,BIO0247,UGF23AI247,Zara Prasad Chopra,Right Index,Right,70,492,80,ZKTeco SF100,2024-06-10,ISO 19794-2,Active
FP-UGF23AI247-F09,BIO0247,UGF23AI247,Zara Prasad Chopra,Left Little,Left,56,430,96,ZKTeco SF100,2024-06-10,ISO 19794-2,Active
FP-UGF23AI248-F00,BIO0248,UGF23AI248,Ritika Das Kale,Right Thumb,Right,52,427,84,ZKTeco SF100,2024-06-18,ISO 19794-2,Active
FP-UGF23AI248-F02,BIO0248,UGF23AI248,Ritika Das Kale,Right Middle,Right,67,470,76,ZKTeco SF100,2024-06-18,ISO 19794-2,Active
FP-UGF23AI249-F00,BIO0249,UGF23AI249,Arjun Ingle,Right Thumb,Right,41,457,88,ZKTeco SF100,2024-06-25,ISO 19794-2,Active
FP-UGF23AI249-F05,BIO0249,UGF23AI249,Arjun Ingle,Left Thumb,Left,43,400,62,ZKTeco SF100,2024-06-25,ISO 19794-2,Active
FP-UGF23AI250-F01,BIO0250,UGF23AI250,Kedar Chatterjee,Right Index,Right,36,476,61,Mantra MFS100,2024-06-02,ISO 19794-2,Active
FP-UGF23AI250-F03,BIO0250,UGF23AI250,Kedar Chatterjee,Right Ring,Right,51,417,79,Mantra MFS100,2024-06-02,ISO 19794-2,Active
FP-UGF23AI251-F04,BIO0251,UGF23AI251,Jayesh Pawar,Right Little,Right,18,438,74,Startek FM220U,2024-06-06,ISO 19794-2,Active
FP-UGF23AI251-F09,BIO0251,UGF23AI251,Jayesh Pawar,Left Little,Left,31,509,80,Startek FM220U,2024-06-06,ISO 19794-2,Active
FP-UGF23AI252-F00,BIO0252,UGF23AI252,Yamini Das Ahuja,Right Thumb,Right,19,498,77,Startek FM220U,2024-06-01,ISO 19794-2,Active
FP-UGF23AI252-F02,BIO0252,UGF23AI252,Yamini Das Ahuja,Right Middle,Right,53,465,95,Startek FM220U,2024-06-01,ISO 19794-2,Active
FP-UGF23AI253-F02,BIO0253,UGF23AI253,Yamini Rao Pillai,Right Middle,Right,54,473,69,ZKTeco K40,2024-06-20,ISO 19794-2,Active
FP-UGF23AI253-F09,BIO0253,UGF23AI253,Yamini Rao Pillai,Left Little,Left,24,404,89,ZKTeco K40,2024-06-20,ISO 19794-2,Active
FP-UGF23AI254-F03,BIO0254,UGF23AI254,Priya Ram Ahuja,Right Ring,Right,40,419,68,ZKTeco K40,2024-06-20,ISO 19794-2,Active
FP-UGF23AI254-F05,BIO0254,UGF23AI254,Priya Ram Ahuja,Left Thumb,Left,34,446,97,ZKTeco K40,2024-06-20,ISO 19794-2,Active
FP-UGF23AI255-F03,BIO0255,UGF23AI255,Amrita Rao Banerjee,Right Ring,Right,33,429,76,Startek FM220U,2024-06-10,ISO 19794-2,Active
FP-UGF23AI255-F00,BIO0255,UGF23AI255,Amrita Rao Banerjee,Right Thumb,Right,69,438,65,Startek FM220U,2024-06-10,ISO 19794-2,Active
FP-UGF23AI256-F03,BIO0256,UGF23AI256,Ravi Lal Verma,Right Ring,Right,54,451,96,Secugen Hamster Pro,2024-06-08,ISO 19794-2,Active
FP-UGF23AI256-F08,BIO0256,UGF23AI256,Ravi Lal Verma,Left Ring,Left,31,493,64,Secugen Hamster Pro,2024-06-08,ISO 19794-2,Active
FP-UGF23AI257-F03,BIO0257,UGF23AI257,Vidya Ram Reddy,Right Ring,Right,64,441,90,Startek FM220U,2024-06-06,ISO 19794-2,Active
FP-UGF23AI257-F09,BIO0257,UGF23AI257,Vidya Ram Reddy,Left Little,Left,29,462,96,Startek FM220U,2024-06-06,ISO 19794-2,Active
FP-UGF23AI258-F00,BIO0258,UGF23AI258,Deepika Kumar,Right Thumb,Right,70,412,98,ZKTeco K40,2024-06-05,ISO 19794-2,Active
FP-UGF23AI258-F09,BIO0258,UGF23AI258,Deepika Kumar,Left Little,Left,59,438,62,ZKTeco K40,2024-06-05,ISO 19794-2,Active
FP-UGF23AI259-F00,BIO0259,UGF23AI259,Deepika Kharat,Right Thumb,Right,64,503,96,ZKTeco K40,2024-06-11,ISO 19794-2,Active
FP-UGF23AI259-F05,BIO0259,UGF23AI259,Deepika Kharat,Left Thumb,Left,42,410,63,ZKTeco K40,2024-06-11,ISO 19794-2,Active
FP-UGF23AI260-F01,BIO0260,UGF23AI260,Seema Sai Chopra,Right Index,Right,67,442,82,ZKTeco SF100,2024-06-10,ISO 19794-2,Active
FP-UGF23AI260-F02,BIO0260,UGF23AI260,Seema Sai Chopra,Right Middle,Right,70,455,86,ZKTeco SF100,2024-06-10,ISO 19794-2,Active
FP-UGF23AI261-F00,BIO0261,UGF23AI261,Girish Bhange,Right Thumb,Right,25,511,74,Mantra MFS100,2024-06-19,ISO 19794-2,Active
FP-UGF23AI261-F01,BIO0261,UGF23AI261,Girish Bhange,Right Index,Right,65,483,98,Mantra MFS100,2024-06-19,ISO 19794-2,Active
FP-UGF23AI262-F00,BIO0262,UGF23AI262,Gaurav Hivrale,Right Thumb,Right,18,481,84,Secugen Hamster Pro,2024-06-16,ISO 19794-2,Active
FP-UGF23AI262-F01,BIO0262,UGF23AI262,Gaurav Hivrale,Right Index,Right,21,439,93,Secugen Hamster Pro,2024-06-16,ISO 19794-2,Active
FP-UGF23AI263-F02,BIO0263,UGF23AI263,Vidya Chand Waghmare,Right Middle,Right,20,440,94,ZKTeco SF100,2024-06-25,ISO 19794-2,Active
FP-UGF23AI263-F01,BIO0263,UGF23AI263,Vidya Chand Waghmare,Right Index,Right,54,419,80,ZKTeco SF100,2024-06-25,ISO 19794-2,Active
FP-UGF23AI264-F03,BIO0264,UGF23AI264,Esha Das Bhange,Right Ring,Right,50,489,74,Mantra MFS100,2024-06-09,ISO 19794-2,Active
FP-UGF23AI264-F07,BIO0264,UGF23AI264,Esha Das Bhange,Left Middle,Left,27,406,85,Mantra MFS100,2024-06-09,ISO 19794-2,Active
FP-UGF23AI265-F00,BIO0265,UGF23AI265,Divya Ram Junghare,Right Thumb,Right,46,496,98,Mantra MFS100,2024-06-14,ISO 19794-2,Active
FP-UGF23AI265-F07,BIO0265,UGF23AI265,Divya Ram Junghare,Left Middle,Left,54,464,65,Mantra MFS100,2024-06-14,ISO 19794-2,Active
FP-UGF23AI266-F00,BIO0266,UGF23AI266,Geeta Prakash Nair,Right Thumb,Right,32,455,78,ZKTeco SF100,2024-06-01,ISO 19794-2,Active
FP-UGF23AI266-F07,BIO0266,UGF23AI266,Geeta Prakash Nair,Left Middle,Left,68,450,69,ZKTeco SF100,2024-06-01,ISO 19794-2,Active
FP-UGF23AI267-F00,BIO0267,UGF23AI267,Jiya Devi Hatwar,Right Thumb,Right,26,443,65,Mantra MFS100,2024-06-15,ISO 19794-2,Active
FP-UGF23AI267-F02,BIO0267,UGF23AI267,Jiya Devi Hatwar,Right Middle,Right,48,473,63,Mantra MFS100,2024-06-15,ISO 19794-2,Active
FP-UGF23AI268-F03,BIO0268,UGF23AI268,Aditya Pillai,Right Ring,Right,53,451,76,Mantra MFS100,2024-06-01,ISO 19794-2,Active
FP-UGF23AI268-F04,BIO0268,UGF23AI268,Aditya Pillai,Right Little,Right,23,451,92,Mantra MFS100,2024-06-01,ISO 19794-2,Active
FP-UGF23AI269-F03,BIO0269,UGF23AI269,Nikhil Prakash Bhatia,Right Ring,Right,45,499,68,Mantra MFS100,2024-06-17,ISO 19794-2,Active
FP-UGF23AI269-F01,BIO0269,UGF23AI269,Nikhil Prakash Bhatia,Right Index,Right,66,417,90,Mantra MFS100,2024-06-17,ISO 19794-2,Active
FP-UGF23AI270-F01,BIO0270,UGF23AI270,Sakshi Ingle,Right Index,Right,53,425,91,ZKTeco K40,2024-06-12,ISO 19794-2,Active
FP-UGF23AI270-F06,BIO0270,UGF23AI270,Sakshi Ingle,Left Index,Left,43,483,96,ZKTeco K40,2024-06-12,ISO 19794-2,Active
FP-UGF23AI271-F03,BIO0271,UGF23AI271,Kiran Tiwari,Right Ring,Right,30,471,99,ZKTeco SF100,2024-06-07,ISO 19794-2,Active
FP-UGF23AI271-F04,BIO0271,UGF23AI271,Kiran Tiwari,Right Little,Right,65,467,75,ZKTeco SF100,2024-06-07,ISO 19794-2,Active
FP-UGF23AI272-F04,BIO0272,UGF23AI272,Sneha Prakash Londhe,Right Little,Right,33,409,77,Secugen Hamster Pro,2024-06-20,ISO 19794-2,Active
FP-UGF23AI272-F05,BIO0272,UGF23AI272,Sneha Prakash Londhe,Left Thumb,Left,67,455,80,Secugen Hamster Pro,2024-06-20,ISO 19794-2,Active
FP-UGF23AI273-F02,BIO0273,UGF23AI273,Dev Sai Pawar,Right Middle,Right,61,473,65,ZKTeco SF100,2024-06-17,ISO 19794-2,Active
FP-UGF23AI273-F07,BIO0273,UGF23AI273,Dev Sai Pawar,Left Middle,Left,25,485,86,ZKTeco SF100,2024-06-17,ISO 19794-2,Active
FP-UGF23AI274-F04,BIO0274,UGF23AI274,Mithun Sai Waghmare,Right Little,Right,45,446,82,Secugen Hamster Pro,2024-06-15,ISO 19794-2,Active
FP-UGF23AI274-F07,BIO0274,UGF23AI274,Mithun Sai Waghmare,Left Middle,Left,30,441,82,Secugen Hamster Pro,2024-06-15,ISO 19794-2,Active
FP-UGF23AI275-F04,BIO0275,UGF23AI275,Vishal Sai Shah,Right Little,Right,56,483,61,ZKTeco SF100,2024-06-18,ISO 19794-2,Active
FP-UGF23AI275-F09,BIO0275,UGF23AI275,Vishal Sai Shah,Left Little,Left,67,439,70,ZKTeco SF100,2024-06-18,ISO 19794-2,Active
FP-UGF23AI276-F01,BIO0276,UGF23AI276,Anika Shah,Right Index,Right,40,478,88,ZKTeco K40,2024-06-24,ISO 19794-2,Active
FP-UGF23AI276-F08,BIO0276,UGF23AI276,Anika Shah,Left Ring,Left,57,418,88,ZKTeco K40,2024-06-24,ISO 19794-2,Active
FP-UGF23AI277-F00,BIO0277,UGF23AI277,Ekta Chatterjee,Right Thumb,Right,20,504,74,ZKTeco K40,2024-06-25,ISO 19794-2,Active
FP-UGF23AI277-F09,BIO0277,UGF23AI277,Ekta Chatterjee,Left Little,Left,30,487,83,ZKTeco K40,2024-06-25,ISO 19794-2,Active
FP-UGF23AI278-F01,BIO0278,UGF23AI278,Disha Sai Lokhande,Right Index,Right,27,496,65,ZKTeco SF100,2024-06-14,ISO 19794-2,Active
FP-UGF23AI278-F04,BIO0278,UGF23AI278,Disha Sai Lokhande,Right Little,Right,25,494,63,ZKTeco SF100,2024-06-14,ISO 19794-2,Active
FP-UGF23AI279-F02,BIO0279,UGF23AI279,Ila Devi Dange,Right Middle,Right,33,479,69,ZKTeco SF100,2024-06-09,ISO 19794-2,Active
FP-UGF23AI279-F06,BIO0279,UGF23AI279,Ila Devi Dange,Left Index,Left,71,504,78,ZKTeco SF100,2024-06-09,ISO 19794-2,Active
FP-UGF23AI280-F04,BIO0280,UGF23AI280,Kalpesh Prakash Hande,Right Little,Right,18,443,67,Startek FM220U,2024-06-15,ISO 19794-2,Active
FP-UGF23AI280-F02,BIO0280,UGF23AI280,Kalpesh Prakash Hande,Right Middle,Right,37,457,90,Startek FM220U,2024-06-15,ISO 19794-2,Active
FP-UGF23AI281-F04,BIO0281,UGF23AI281,Rohit Bala Mehta,Right Little,Right,19,442,73,ZKTeco SF100,2024-06-04,ISO 19794-2,Active
FP-UGF23AI281-F09,BIO0281,UGF23AI281,Rohit Bala Mehta,Left Little,Left,65,468,73,ZKTeco SF100,2024-06-04,ISO 19794-2,Active
FP-UGF23AI282-F01,BIO0282,UGF23AI282,Onkar Nath Ambhore,Right Index,Right,31,469,93,ZKTeco SF100,2024-06-17,ISO 19794-2,Active
FP-UGF23AI282-F04,BIO0282,UGF23AI282,Onkar Nath Ambhore,Right Little,Right,66,433,95,ZKTeco SF100,2024-06-17,ISO 19794-2,Active
FP-UGF23AI283-F03,BIO0283,UGF23AI283,Disha Pawar,Right Ring,Right,48,479,69,Startek FM220U,2024-06-11,ISO 19794-2,Active
FP-UGF23AI283-F05,BIO0283,UGF23AI283,Disha Pawar,Left Thumb,Left,62,489,61,Startek FM220U,2024-06-11,ISO 19794-2,Active
FP-UGF23AI284-F04,BIO0284,UGF23AI284,Soham Nath Kale,Right Little,Right,42,474,93,Startek FM220U,2024-06-02,ISO 19794-2,Active
FP-UGF23AI284-F06,BIO0284,UGF23AI284,Soham Nath Kale,Left Index,Left,20,432,70,Startek FM220U,2024-06-02,ISO 19794-2,Active
FP-UGF23AI285-F01,BIO0285,UGF23AI285,Ila Raj Ingole,Right Index,Right,21,436,72,ZKTeco K40,2024-06-13,ISO 19794-2,Active
FP-UGF23AI285-F02,BIO0285,UGF23AI285,Ila Raj Ingole,Right Middle,Right,68,489,99,ZKTeco K40,2024-06-13,ISO 19794-2,Active
FP-UGF23AI286-F03,BIO0286,UGF23AI286,Rohit Shankar Hande,Right Ring,Right,35,406,89,Secugen Hamster Pro,2024-06-04,ISO 19794-2,Active
FP-UGF23AI286-F06,BIO0286,UGF23AI286,Rohit Shankar Hande,Left Index,Left,59,401,64,Secugen Hamster Pro,2024-06-04,ISO 19794-2,Active
FP-UGF23AI287-F04,BIO0287,UGF23AI287,Indira Bhatia,Right Little,Right,42,484,77,Mantra MFS100,2024-06-17,ISO 19794-2,Active
FP-UGF23AI287-F00,BIO0287,UGF23AI287,Indira Bhatia,Right Thumb,Right,60,509,83,Mantra MFS100,2024-06-17,ISO 19794-2,Active
FP-UGF23AI288-F01,BIO0288,UGF23AI288,Babita Lal Kulkarni,Right Index,Right,24,402,78,Mantra MFS100,2024-06-04,ISO 19794-2,Active
FP-UGF23AI288-F02,BIO0288,UGF23AI288,Babita Lal Kulkarni,Right Middle,Right,59,449,74,Mantra MFS100,2024-06-04,ISO 19794-2,Active
FP-UGF23AI289-F00,BIO0289,UGF23AI289,Hemant Chand More,Right Thumb,Right,42,465,66,Secugen Hamster Pro,2024-06-16,ISO 19794-2,Active
FP-UGF23AI289-F04,BIO0289,UGF23AI289,Hemant Chand More,Right Little,Right,38,462,98,Secugen Hamster Pro,2024-06-16,ISO 19794-2,Active
FP-UGF23AI290-F04,BIO0290,UGF23AI290,Tariq Shankar Pawar,Right Little,Right,52,411,71,Mantra MFS100,2024-06-17,ISO 19794-2,Active
FP-UGF23AI290-F00,BIO0290,UGF23AI290,Tariq Shankar Pawar,Right Thumb,Right,30,464,89,Mantra MFS100,2024-06-17,ISO 19794-2,Active
FP-UGF23AI291-F03,BIO0291,UGF23AI291,Mukesh Verma,Right Ring,Right,53,491,61,Startek FM220U,2024-06-21,ISO 19794-2,Active
FP-UGF23AI291-F05,BIO0291,UGF23AI291,Mukesh Verma,Left Thumb,Left,20,431,93,Startek FM220U,2024-06-21,ISO 19794-2,Active
FP-UGF23AI292-F00,BIO0292,UGF23AI292,Anjali Chand Nair,Right Thumb,Right,37,442,91,ZKTeco SF100,2024-06-06,ISO 19794-2,Active
FP-UGF23AI292-F01,BIO0292,UGF23AI292,Anjali Chand Nair,Right Index,Right,43,495,70,ZKTeco SF100,2024-06-06,ISO 19794-2,Active
FP-UGF23AI293-F00,BIO0293,UGF23AI293,Divya Lal Hande,Right Thumb,Right,19,444,82,Startek FM220U,2024-06-05,ISO 19794-2,Active
FP-UGF23AI293-F02,BIO0293,UGF23AI293,Divya Lal Hande,Right Middle,Right,40,480,79,Startek FM220U,2024-06-05,ISO 19794-2,Active
FP-UGF23AI294-F03,BIO0294,UGF23AI294,Harsha Prasad Shah,Right Ring,Right,33,464,77,ZKTeco SF100,2024-06-17,ISO 19794-2,Active
FP-UGF23AI294-F02,BIO0294,UGF23AI294,Harsha Prasad Shah,Right Middle,Right,69,407,76,ZKTeco SF100,2024-06-17,ISO 19794-2,Active
FP-UGF23AI295-F01,BIO0295,UGF23AI295,Ekta Shankar Yadav,Right Index,Right,42,504,61,Startek FM220U,2024-06-05,ISO 19794-2,Active
FP-UGF23AI295-F07,BIO0295,UGF23AI295,Ekta Shankar Yadav,Left Middle,Left,53,435,74,Startek FM220U,2024-06-05,ISO 19794-2,Active
FP-UGF23AI296-F04,BIO0296,UGF23AI296,Manish Das Upadhyay,Right Little,Right,27,443,85,Secugen Hamster Pro,2024-06-19,ISO 19794-2,Active
FP-UGF23AI296-F05,BIO0296,UGF23AI296,Manish Das Upadhyay,Left Thumb,Left,60,417,65,Secugen Hamster Pro,2024-06-19,ISO 19794-2,Active
FP-UGF23AI297-F01,BIO0297,UGF23AI297,Jatin Ghosh,Right Index,Right,64,448,93,ZKTeco K40,2024-06-17,ISO 19794-2,Active
FP-UGF23AI297-F00,BIO0297,UGF23AI297,Jatin Ghosh,Right Thumb,Right,61,478,74,ZKTeco K40,2024-06-17,ISO 19794-2,Active
FP-UGF23AI298-F02,BIO0298,UGF23AI298,Nilesh Ram Kulkarni,Right Middle,Right,44,430,96,Startek FM220U,2024-06-08,ISO 19794-2,Active
FP-UGF23AI298-F00,BIO0298,UGF23AI298,Nilesh Ram Kulkarni,Right Thumb,Right,27,454,79,Startek FM220U,2024-06-08,ISO 19794-2,Active
FP-UGF23AI299-F03,BIO0299,UGF23AI299,Bhavna Raj Bhosale,Right Ring,Right,56,442,88,Secugen Hamster Pro,2024-06-06,ISO 19794-2,Active
FP-UGF23AI299-F05,BIO0299,UGF23AI299,Bhavna Raj Bhosale,Left Thumb,Left,52,416,73,Secugen Hamster Pro,2024-06-06,ISO 19794-2,Active
FP-UGF23AI300-F04,BIO0300,UGF23AI300,Gaurav Jain,Right Little,Right,59,417,97,Startek FM220U,2024-06-16,ISO 19794-2,Active
FP-UGF23AI300-F07,BIO0300,UGF23AI300,Gaurav Jain,Left Middle,Left,52,487,72,Startek FM220U,2024-06-16,ISO 19794-2,Active
FP-UGF23AI301-F00,BIO0301,UGF23AI301,Kalpesh Mishra,Right Thumb,Right,26,439,93,ZKTeco SF100,2024-06-03,ISO 19794-2,Active
FP-UGF23AI301-F05,BIO0301,UGF23AI301,Kalpesh Mishra,Left Thumb,Left,26,455,69,ZKTeco SF100,2024-06-03,ISO 19794-2,Active
FP-UGF23AI302-F02,BIO0302,UGF23AI302,Lakshmi Chand Patil,Right Middle,Right,59,472,70,Startek FM220U,2024-06-01,ISO 19794-2,Active
FP-UGF23AI302-F08,BIO0302,UGF23AI302,Lakshmi Chand Patil,Left Ring,Left,38,408,95,Startek FM220U,2024-06-01,ISO 19794-2,Active
FP-UGF23AI303-F00,BIO0303,UGF23AI303,Nikhil Rao Agarwal,Right Thumb,Right,52,492,67,Secugen Hamster Pro,2024-06-23,ISO 19794-2,Active
FP-UGF23AI303-F06,BIO0303,UGF23AI303,Nikhil Rao Agarwal,Left Index,Left,29,440,69,Secugen Hamster Pro,2024-06-23,ISO 19794-2,Active
FP-UGF23AI304-F01,BIO0304,UGF23AI304,Mohit Nath Kumar,Right Index,Right,64,403,80,Startek FM220U,2024-06-04,ISO 19794-2,Active
FP-UGF23AI304-F02,BIO0304,UGF23AI304,Mohit Nath Kumar,Right Middle,Right,44,452,79,Startek FM220U,2024-06-04,ISO 19794-2,Active
FP-UGF23AI305-F03,BIO0305,UGF23AI305,Iqbal Raj Chopra,Right Ring,Right,46,495,77,ZKTeco K40,2024-06-10,ISO 19794-2,Active
FP-UGF23AI305-F06,BIO0305,UGF23AI305,Iqbal Raj Chopra,Left Index,Left,27,499,72,ZKTeco K40,2024-06-10,ISO 19794-2,Active
FP-UGF23AI306-F01,BIO0306,UGF23AI306,Esha Bala Pandey,Right Index,Right,24,416,71,Startek FM220U,2024-06-08,ISO 19794-2,Active
FP-UGF23AI306-F06,BIO0306,UGF23AI306,Esha Bala Pandey,Left Index,Left,19,497,99,Startek FM220U,2024-06-08,ISO 19794-2,Active
FP-UGF23AI307-F02,BIO0307,UGF23AI307,Abhishek Kumar Fernandes,Right Middle,Right,57,434,98,Startek FM220U,2024-06-05,ISO 19794-2,Inactive
FP-UGF23AI307-F03,BIO0307,UGF23AI307,Abhishek Kumar Fernandes,Right Ring,Right,54,478,74,Startek FM220U,2024-06-05,ISO 19794-2,Inactive
FP-UGF23AI308-F03,BIO0308,UGF23AI308,Harsha Raj Mukherjee,Right Ring,Right,56,429,74,Mantra MFS100,2024-06-04,ISO 19794-2,Active
FP-UGF23AI308-F00,BIO0308,UGF23AI308,Harsha Raj Mukherjee,Right Thumb,Right,61,403,82,Mantra MFS100,2024-06-04,ISO 19794-2,Active
FP-UGF23AI309-F02,BIO0309,UGF23AI309,Lakshmi Das Wagh,Right Middle,Right,23,488,90,Startek FM220U,2024-06-16,ISO 19794-2,Active
FP-UGF23AI309-F01,BIO0309,UGF23AI309,Lakshmi Das Wagh,Right Index,Right,26,464,98,Startek FM220U,2024-06-16,ISO 19794-2,Active
FP-UGF23AI310-F02,BIO0310,UGF23AI310,Nikhil Lokhande,Right Middle,Right,48,491,83,Secugen Hamster Pro,2024-06-23,ISO 19794-2,Active
FP-UGF23AI310-F05,BIO0310,UGF23AI310,Nikhil Lokhande,Left Thumb,Left,29,509,84,Secugen Hamster Pro,2024-06-23,ISO 19794-2,Active
FP-UGF23AI311-F00,BIO0311,UGF23AI311,Bharat Singh,Right Thumb,Right,49,460,68,ZKTeco SF100,2024-06-16,ISO 19794-2,Active
FP-UGF23AI311-F03,BIO0311,UGF23AI311,Bharat Singh,Right Ring,Right,28,424,74,ZKTeco SF100,2024-06-16,ISO 19794-2,Active
FP-UGF23AI312-F03,BIO0312,UGF23AI312,Girish Ambhore,Right Ring,Right,20,452,60,ZKTeco K40,2024-06-19,ISO 19794-2,Active
FP-UGF23AI312-F04,BIO0312,UGF23AI312,Girish Ambhore,Right Little,Right,35,452,74,ZKTeco K40,2024-06-19,ISO 19794-2,Active
FP-UGF23AI313-F04,BIO0313,UGF23AI313,Tariq Prakash More,Right Little,Right,65,485,72,ZKTeco K40,2024-06-06,ISO 19794-2,Active
FP-UGF23AI313-F02,BIO0313,UGF23AI313,Tariq Prakash More,Right Middle,Right,66,426,64,ZKTeco K40,2024-06-06,ISO 19794-2,Active
FP-UGF23AI314-F04,BIO0314,UGF23AI314,Yamini Ram Patil,Right Little,Right,29,456,99,ZKTeco SF100,2024-06-25,ISO 19794-2,Active
FP-UGF23AI314-F06,BIO0314,UGF23AI314,Yamini Ram Patil,Left Index,Left,49,488,80,ZKTeco SF100,2024-06-25,ISO 19794-2,Active
FP-UGF23AI315-F04,BIO0315,UGF23AI315,Om Chand Upadhyay,Right Little,Right,47,431,87,Secugen Hamster Pro,2024-06-25,ISO 19794-2,Active
FP-UGF23AI315-F01,BIO0315,UGF23AI315,Om Chand Upadhyay,Right Index,Right,43,499,62,Secugen Hamster Pro,2024-06-25,ISO 19794-2,Active
FP-UGF23AI316-F04,BIO0316,UGF23AI316,Manish Sai Iyer,Right Little,Right,56,494,84,ZKTeco SF100,2024-06-10,ISO 19794-2,Active
FP-UGF23AI316-F09,BIO0316,UGF23AI316,Manish Sai Iyer,Left Little,Left,64,440,85,ZKTeco SF100,2024-06-10,ISO 19794-2,Active
FP-UGF23AI317-F02,BIO0317,UGF23AI317,Siddharth Nath Patel,Right Middle,Right,57,495,96,ZKTeco K40,2024-06-19,ISO 19794-2,Inactive
FP-UGF23AI317-F01,BIO0317,UGF23AI317,Siddharth Nath Patel,Right Index,Right,56,468,93,ZKTeco K40,2024-06-19,ISO 19794-2,Inactive
FP-UGF23AI318-F04,BIO0318,UGF23AI318,Rohit Chand Vaghmare,Right Little,Right,59,512,62,ZKTeco SF100,2024-06-02,ISO 19794-2,Active
FP-UGF23AI318-F06,BIO0318,UGF23AI318,Rohit Chand Vaghmare,Left Index,Left,51,413,88,ZKTeco SF100,2024-06-02,ISO 19794-2,Active
FP-UGF23AI319-F03,BIO0319,UGF23AI319,Anika Rao Bhange,Right Ring,Right,47,505,62,ZKTeco SF100,2024-06-08,ISO 19794-2,Active
FP-UGF23AI319-F04,BIO0319,UGF23AI319,Anika Rao Bhange,Right Little,Right,33,466,94,ZKTeco SF100,2024-06-08,ISO 19794-2,Active
FP-UGF23AI320-F02,BIO0320,UGF23AI320,Rekha Kumar Fernandes,Right Middle,Right,43,494,62,ZKTeco SF100,2024-06-01,ISO 19794-2,Active
FP-UGF23AI320-F03,BIO0320,UGF23AI320,Rekha Kumar Fernandes,Right Ring,Right,53,449,93,ZKTeco SF100,2024-06-01,ISO 19794-2,Active
FP-UGF23AI321-F04,BIO0321,UGF23AI321,Yamini Londhe,Right Little,Right,66,480,63,Startek FM220U,2024-06-04,ISO 19794-2,Active
FP-UGF23AI321-F08,BIO0321,UGF23AI321,Yamini Londhe,Left Ring,Left,30,437,88,Startek FM220U,2024-06-04,ISO 19794-2,Active
FP-UGF23AI322-F01,BIO0322,UGF23AI322,Nisha Kharat,Right Index,Right,43,438,78,Secugen Hamster Pro,2024-06-05,ISO 19794-2,Active
FP-UGF23AI322-F07,BIO0322,UGF23AI322,Nisha Kharat,Left Middle,Left,47,421,87,Secugen Hamster Pro,2024-06-05,ISO 19794-2,Active
FP-UGF23AI323-F01,BIO0323,UGF23AI323,Kamla Kumar,Right Index,Right,36,478,63,Secugen Hamster Pro,2024-06-16,ISO 19794-2,Active
FP-UGF23AI323-F06,BIO0323,UGF23AI323,Kamla Kumar,Left Index,Left,62,466,69,Secugen Hamster Pro,2024-06-16,ISO 19794-2,Active
FP-UGF23AI324-F01,BIO0324,UGF23AI324,Gunjan Devi Fernandes,Right Index,Right,47,506,88,ZKTeco SF100,2024-06-18,ISO 19794-2,Active
FP-UGF23AI324-F07,BIO0324,UGF23AI324,Gunjan Devi Fernandes,Left Middle,Left,23,492,92,ZKTeco SF100,2024-06-18,ISO 19794-2,Active
FP-UGF23AI325-F00,BIO0325,UGF23AI325,Gunjan Sai Pawar,Right Thumb,Right,25,423,97,Startek FM220U,2024-06-09,ISO 19794-2,Active
FP-UGF23AI325-F01,BIO0325,UGF23AI325,Gunjan Sai Pawar,Right Index,Right,62,469,68,Startek FM220U,2024-06-09,ISO 19794-2,Active
FP-UGF23AI326-F01,BIO0326,UGF23AI326,Vanshika Chand Shah,Right Index,Right,43,452,80,Startek FM220U,2024-06-21,ISO 19794-2,Active
FP-UGF23AI326-F07,BIO0326,UGF23AI326,Vanshika Chand Shah,Left Middle,Left,46,403,71,Startek FM220U,2024-06-21,ISO 19794-2,Active
FP-UGF23AI327-F01,BIO0327,UGF23AI327,Nikhil Hivrale,Right Index,Right,47,475,72,Mantra MFS100,2024-06-23,ISO 19794-2,Active
FP-UGF23AI327-F00,BIO0327,UGF23AI327,Nikhil Hivrale,Right Thumb,Right,47,411,76,Mantra MFS100,2024-06-23,ISO 19794-2,Active
FP-UGF23AI328-F00,BIO0328,UGF23AI328,Chetna Yadav,Right Thumb,Right,38,488,70,Startek FM220U,2024-06-26,ISO 19794-2,Active
FP-UGF23AI328-F05,BIO0328,UGF23AI328,Chetna Yadav,Left Thumb,Left,63,493,67,Startek FM220U,2024-06-26,ISO 19794-2,Active
FP-UGF23AI329-F00,BIO0329,UGF23AI329,Pallavi Prasad Banerjee,Right Thumb,Right,23,414,88,Mantra MFS100,2024-06-11,ISO 19794-2,Active
FP-UGF23AI329-F01,BIO0329,UGF23AI329,Pallavi Prasad Banerjee,Right Index,Right,58,446,65,Mantra MFS100,2024-06-11,ISO 19794-2,Active
FP-UGF23AI330-F00,BIO0330,UGF23AI330,Omkar Chand Lal,Right Thumb,Right,51,490,84,ZKTeco SF100,2024-06-25,ISO 19794-2,Active
FP-UGF23AI330-F07,BIO0330,UGF23AI330,Omkar Chand Lal,Left Middle,Left,64,501,92,ZKTeco SF100,2024-06-25,ISO 19794-2,Active
FP-UGF23AI331-F00,BIO0331,UGF23AI331,Isha Mane,Right Thumb,Right,57,420,84,Mantra MFS100,2024-06-11,ISO 19794-2,Active
FP-UGF23AI331-F03,BIO0331,UGF23AI331,Isha Mane,Right Ring,Right,53,448,62,Mantra MFS100,2024-06-11,ISO 19794-2,Active
FP-UGF23AI332-F01,BIO0332,UGF23AI332,Ramesh Shankar Kulkarni,Right Index,Right,67,421,81,Startek FM220U,2024-06-24,ISO 19794-2,Active
FP-UGF23AI332-F07,BIO0332,UGF23AI332,Ramesh Shankar Kulkarni,Left Middle,Left,54,511,69,Startek FM220U,2024-06-24,ISO 19794-2,Active
FP-UGF23AI333-F04,BIO0333,UGF23AI333,Chetna Ram Upadhyay,Right Little,Right,28,511,69,Secugen Hamster Pro,2024-06-26,ISO 19794-2,Active
FP-UGF23AI333-F01,BIO0333,UGF23AI333,Chetna Ram Upadhyay,Right Index,Right,29,498,63,Secugen Hamster Pro,2024-06-26,ISO 19794-2,Active
FP-UGF23AI334-F03,BIO0334,UGF23AI334,Esha Prasad Vaidya,Right Ring,Right,44,439,79,Mantra MFS100,2024-06-13,ISO 19794-2,Active
FP-UGF23AI334-F07,BIO0334,UGF23AI334,Esha Prasad Vaidya,Left Middle,Left,64,498,88,Mantra MFS100,2024-06-13,ISO 19794-2,Active
FP-UGF23AI335-F02,BIO0335,UGF23AI335,Gunjan Ram Nambiar,Right Middle,Right,36,480,71,Mantra MFS100,2024-06-11,ISO 19794-2,Active
FP-UGF23AI335-F01,BIO0335,UGF23AI335,Gunjan Ram Nambiar,Right Index,Right,25,416,72,Mantra MFS100,2024-06-11,ISO 19794-2,Active
FP-UGF23AI336-F02,BIO0336,UGF23AI336,Ritika Lal Ahuja,Right Middle,Right,18,479,76,Mantra MFS100,2024-06-02,ISO 19794-2,Active
FP-UGF23AI336-F07,BIO0336,UGF23AI336,Ritika Lal Ahuja,Left Middle,Left,18,458,91,Mantra MFS100,2024-06-02,ISO 19794-2,Active
FP-UGF23AI337-F00,BIO0337,UGF23AI337,Jagdish More,Right Thumb,Right,72,463,94,ZKTeco SF100,2024-06-01,ISO 19794-2,Active
FP-UGF23AI337-F01,BIO0337,UGF23AI337,Jagdish More,Right Index,Right,69,400,98,ZKTeco SF100,2024-06-01,ISO 19794-2,Active
FP-UGF23AI338-F02,BIO0338,UGF23AI338,Farhan Shankar Mishra,Right Middle,Right,49,430,73,ZKTeco K40,2024-06-12,ISO 19794-2,Active
FP-UGF23AI338-F00,BIO0338,UGF23AI338,Farhan Shankar Mishra,Right Thumb,Right,55,484,90,ZKTeco K40,2024-06-12,ISO 19794-2,Active
FP-UGF23AI339-F04,BIO0339,UGF23AI339,Sumit Jadhav,Right Little,Right,47,452,88,Secugen Hamster Pro,2024-06-11,ISO 19794-2,Active
FP-UGF23AI339-F00,BIO0339,UGF23AI339,Sumit Jadhav,Right Thumb,Right,23,476,98,Secugen Hamster Pro,2024-06-11,ISO 19794-2,Active
FP-UGF23AI340-F02,BIO0340,UGF23AI340,Neha Kaur,Right Middle,Right,18,431,95,ZKTeco SF100,2024-06-19,ISO 19794-2,Active
FP-UGF23AI340-F00,BIO0340,UGF23AI340,Neha Kaur,Right Thumb,Right,35,479,95,ZKTeco SF100,2024-06-19,ISO 19794-2,Active
FP-UGF23AI341-F02,BIO0341,UGF23AI341,Jatin Bala Upadhyay,Right Middle,Right,70,505,73,Startek FM220U,2024-06-15,ISO 19794-2,Active
FP-UGF23AI341-F06,BIO0341,UGF23AI341,Jatin Bala Upadhyay,Left Index,Left,21,423,69,Startek FM220U,2024-06-15,ISO 19794-2,Active
FP-UGF23AI342-F00,BIO0342,UGF23AI342,Indira Vaidya,Right Thumb,Right,21,483,82,Startek FM220U,2024-06-23,ISO 19794-2,Active
FP-UGF23AI342-F05,BIO0342,UGF23AI342,Indira Vaidya,Left Thumb,Left,20,418,62,Startek FM220U,2024-06-23,ISO 19794-2,Active
FP-UGF23AI343-F01,BIO0343,UGF23AI343,Wasim Das Mishra,Right Index,Right,60,473,98,Mantra MFS100,2024-06-05,ISO 19794-2,Active
FP-UGF23AI343-F00,BIO0343,UGF23AI343,Wasim Das Mishra,Right Thumb,Right,37,442,65,Mantra MFS100,2024-06-05,ISO 19794-2,Active
FP-UGF23AI344-F03,BIO0344,UGF23AI344,Faisal Shankar Gaikwad,Right Ring,Right,21,413,86,Secugen Hamster Pro,2024-06-19,ISO 19794-2,Active
FP-UGF23AI344-F01,BIO0344,UGF23AI344,Faisal Shankar Gaikwad,Right Index,Right,29,420,78,Secugen Hamster Pro,2024-06-19,ISO 19794-2,Active
FP-UGF23AI345-F01,BIO0345,UGF23AI345,Gajanan Chand Ambhore,Right Index,Right,57,484,98,ZKTeco K40,2024-06-16,ISO 19794-2,Active
FP-UGF23AI345-F05,BIO0345,UGF23AI345,Gajanan Chand Ambhore,Left Thumb,Left,54,500,95,ZKTeco K40,2024-06-16,ISO 19794-2,Active
FP-UGF23AI346-F00,BIO0346,UGF23AI346,Kunal Gupta,Right Thumb,Right,29,458,97,Secugen Hamster Pro,2024-06-08,ISO 19794-2,Active
FP-UGF23AI346-F07,BIO0346,UGF23AI346,Kunal Gupta,Left Middle,Left,41,404,65,Secugen Hamster Pro,2024-06-08,ISO 19794-2,Active
FP-UGF23AI347-F03,BIO0347,UGF23AI347,Amol Lal Tiwari,Right Ring,Right,67,438,80,Secugen Hamster Pro,2024-06-13,ISO 19794-2,Inactive
FP-UGF23AI347-F06,BIO0347,UGF23AI347,Amol Lal Tiwari,Left Index,Left,41,448,64,Secugen Hamster Pro,2024-06-13,ISO 19794-2,Inactive
FP-UGF23AI348-F04,BIO0348,UGF23AI348,Aarav Upadhyay,Right Little,Right,66,454,95,ZKTeco SF100,2024-06-02,ISO 19794-2,Active
FP-UGF23AI348-F07,BIO0348,UGF23AI348,Aarav Upadhyay,Left Middle,Left,22,437,90,ZKTeco SF100,2024-06-02,ISO 19794-2,Active
FP-UGF23AI349-F00,BIO0349,UGF23AI349,Eshaan Kumar Kumar,Right Thumb,Right,26,415,77,Mantra MFS100,2024-06-03,ISO 19794-2,Active
FP-UGF23AI349-F04,BIO0349,UGF23AI349,Eshaan Kumar Kumar,Right Little,Right,39,467,86,Mantra MFS100,2024-06-03,ISO 19794-2,Active
FP-UGF23AI350-F04,BIO0350,UGF23AI350,Farhan Rao Banerjee,Right Little,Right,51,426,73,Secugen Hamster Pro,2024-06-14,ISO 19794-2,Active
FP-UGF23AI350-F09,BIO0350,UGF23AI350,Farhan Rao Banerjee,Left Little,Left,57,407,66,Secugen Hamster Pro,2024-06-14,ISO 19794-2,Active
FP-UGF23AI351-F01,BIO0351,UGF23AI351,Gunjan Lal Gaikwad,Right Index,Right,54,493,93,ZKTeco SF100,2024-06-02,ISO 19794-2,Active
FP-UGF23AI351-F09,BIO0351,UGF23AI351,Gunjan Lal Gaikwad,Left Little,Left,23,461,98,ZKTeco SF100,2024-06-02,ISO 19794-2,Active
FP-UGF23AI352-F04,BIO0352,UGF23AI352,Anjali Raj Naik,Right Little,Right,68,490,78,Secugen Hamster Pro,2024-06-02,ISO 19794-2,Active
FP-UGF23AI352-F01,BIO0352,UGF23AI352,Anjali Raj Naik,Right Index,Right,45,477,80,Secugen Hamster Pro,2024-06-02,ISO 19794-2,Active
FP-UGF23AI353-F01,BIO0353,UGF23AI353,Dhruv Prasad Zende,Right Index,Right,34,467,96,ZKTeco SF100,2024-06-04,ISO 19794-2,Active
FP-UGF23AI353-F03,BIO0353,UGF23AI353,Dhruv Prasad Zende,Right Ring,Right,57,445,68,ZKTeco SF100,2024-06-04,ISO 19794-2,Active
FP-UGF23AI354-F00,BIO0354,UGF23AI354,Iqbal Prasad Salve,Right Thumb,Right,57,472,91,Mantra MFS100,2024-06-23,ISO 19794-2,Active
FP-UGF23AI354-F04,BIO0354,UGF23AI354,Iqbal Prasad Salve,Right Little,Right,51,493,91,Mantra MFS100,2024-06-23,ISO 19794-2,Active
FP-UGF23AI355-F03,BIO0355,UGF23AI355,Hina Bala Agarwal,Right Ring,Right,49,503,71,ZKTeco SF100,2024-06-11,ISO 19794-2,Active
FP-UGF23AI355-F08,BIO0355,UGF23AI355,Hina Bala Agarwal,Left Ring,Left,57,429,78,ZKTeco SF100,2024-06-11,ISO 19794-2,Active
FP-UGF23AI356-F01,BIO0356,UGF23AI356,Harsha Joshi,Right Index,Right,30,400,67,Mantra MFS100,2024-06-23,ISO 19794-2,Active
FP-UGF23AI356-F00,BIO0356,UGF23AI356,Harsha Joshi,Right Thumb,Right,19,459,67,Mantra MFS100,2024-06-23,ISO 19794-2,Active
FP-UGF23AI357-F00,BIO0357,UGF23AI357,Anjali Ram Gangurde,Right Thumb,Right,65,508,73,ZKTeco K40,2024-06-23,ISO 19794-2,Active
FP-UGF23AI357-F05,BIO0357,UGF23AI357,Anjali Ram Gangurde,Left Thumb,Left,69,478,86,ZKTeco K40,2024-06-23,ISO 19794-2,Active
FP-UGF23AI358-F03,BIO0358,UGF23AI358,Harsha Rao Gaikwad,Right Ring,Right,44,405,81,Startek FM220U,2024-06-14,ISO 19794-2,Active
FP-UGF23AI358-F02,BIO0358,UGF23AI358,Harsha Rao Gaikwad,Right Middle,Right,40,471,73,Startek FM220U,2024-06-14,ISO 19794-2,Active
FP-UGF23AI359-F04,BIO0359,UGF23AI359,Bharat Raj Agarwal,Right Little,Right,18,481,72,Startek FM220U,2024-06-08,ISO 19794-2,Active
FP-UGF23AI359-F02,BIO0359,UGF23AI359,Bharat Raj Agarwal,Right Middle,Right,62,436,76,Startek FM220U,2024-06-08,ISO 19794-2,Active
FP-UGF23AI360-F02,BIO0360,UGF23AI360,Sumit Prasad Dalvi,Right Middle,Right,68,408,79,Mantra MFS100,2024-06-24,ISO 19794-2,Active
FP-UGF23AI360-F01,BIO0360,UGF23AI360,Sumit Prasad Dalvi,Right Index,Right,37,464,95,Mantra MFS100,2024-06-24,ISO 19794-2,Active
FP-UGF23AI361-F01,BIO0361,UGF23AI361,Firoz Das Narwade,Right Index,Right,38,498,60,Startek FM220U,2024-06-05,ISO 19794-2,Active
FP-UGF23AI361-F08,BIO0361,UGF23AI361,Firoz Das Narwade,Left Ring,Left,25,487,81,Startek FM220U,2024-06-05,ISO 19794-2,Active
FP-UGF23AI362-F04,BIO0362,UGF23AI362,Divya Das,Right Little,Right,39,450,96,ZKTeco K40,2024-06-18,ISO 19794-2,Active
FP-UGF23AI362-F08,BIO0362,UGF23AI362,Divya Das,Left Ring,Left,57,403,71,ZKTeco K40,2024-06-18,ISO 19794-2,Active
FP-UGF23AI363-F00,BIO0363,UGF23AI363,Madhuri Devi Pawar,Right Thumb,Right,30,442,81,Startek FM220U,2024-06-23,ISO 19794-2,Active
FP-UGF23AI363-F05,BIO0363,UGF23AI363,Madhuri Devi Pawar,Left Thumb,Left,61,461,90,Startek FM220U,2024-06-23,ISO 19794-2,Active
FP-UGF23AI364-F03,BIO0364,UGF23AI364,Disha Shankar Kale,Right Ring,Right,69,404,68,ZKTeco SF100,2024-06-25,ISO 19794-2,Active
FP-UGF23AI364-F01,BIO0364,UGF23AI364,Disha Shankar Kale,Right Index,Right,48,419,89,ZKTeco SF100,2024-06-25,ISO 19794-2,Active
FP-UGF23AI365-F04,BIO0365,UGF23AI365,Rajesh Das Hatwar,Right Little,Right,52,442,89,Mantra MFS100,2024-06-06,ISO 19794-2,Active
FP-UGF23AI365-F07,BIO0365,UGF23AI365,Rajesh Das Hatwar,Left Middle,Left,68,504,86,Mantra MFS100,2024-06-06,ISO 19794-2,Active
FP-UGF23AI366-F03,BIO0366,UGF23AI366,Kalpesh Shankar Ghosh,Right Ring,Right,65,407,93,ZKTeco SF100,2024-06-14,ISO 19794-2,Active
FP-UGF23AI366-F01,BIO0366,UGF23AI366,Kalpesh Shankar Ghosh,Right Index,Right,37,472,80,ZKTeco SF100,2024-06-14,ISO 19794-2,Active
FP-UGF23AI367-F04,BIO0367,UGF23AI367,Madhuri Hande,Right Little,Right,53,468,61,ZKTeco K40,2024-06-11,ISO 19794-2,Active
FP-UGF23AI367-F02,BIO0367,UGF23AI367,Madhuri Hande,Right Middle,Right,31,473,81,ZKTeco K40,2024-06-11,ISO 19794-2,Active
FP-UGF23AI368-F02,BIO0368,UGF23AI368,Nisha Lal Shah,Right Middle,Right,69,501,82,Secugen Hamster Pro,2024-06-07,ISO 19794-2,Inactive
FP-UGF23AI368-F08,BIO0368,UGF23AI368,Nisha Lal Shah,Left Ring,Left,22,419,77,Secugen Hamster Pro,2024-06-07,ISO 19794-2,Inactive
FP-UGF23AI369-F04,BIO0369,UGF23AI369,Manish Sai Junghare,Right Little,Right,71,403,81,Mantra MFS100,2024-06-10,ISO 19794-2,Active
FP-UGF23AI369-F06,BIO0369,UGF23AI369,Manish Sai Junghare,Left Index,Left,42,480,94,Mantra MFS100,2024-06-10,ISO 19794-2,Active
FP-UGF23AI370-F00,BIO0370,UGF23AI370,Lakshmi Nath Raut,Right Thumb,Right,71,421,96,Mantra MFS100,2024-06-06,ISO 19794-2,Active
FP-UGF23AI370-F07,BIO0370,UGF23AI370,Lakshmi Nath Raut,Left Middle,Left,56,449,71,Mantra MFS100,2024-06-06,ISO 19794-2,Active
FP-UGF23AI371-F01,BIO0371,UGF23AI371,Wasim Prasad Patel,Right Index,Right,56,414,79,ZKTeco K40,2024-06-25,ISO 19794-2,Active
FP-UGF23AI371-F05,BIO0371,UGF23AI371,Wasim Prasad Patel,Left Thumb,Left,63,509,80,ZKTeco K40,2024-06-25,ISO 19794-2,Active
FP-UGF23AI372-F01,BIO0372,UGF23AI372,Bhushan Raj Kadam,Right Index,Right,63,404,77,Secugen Hamster Pro,2024-06-07,ISO 19794-2,Active
FP-UGF23AI372-F07,BIO0372,UGF23AI372,Bhushan Raj Kadam,Left Middle,Left,44,411,91,Secugen Hamster Pro,2024-06-07,ISO 19794-2,Active
FP-UGF23AI373-F01,BIO0373,UGF23AI373,Mukesh Ram Zende,Right Index,Right,33,447,88,Mantra MFS100,2024-06-03,ISO 19794-2,Active
FP-UGF23AI373-F06,BIO0373,UGF23AI373,Mukesh Ram Zende,Left Index,Left,71,438,73,Mantra MFS100,2024-06-03,ISO 19794-2,Active
FP-UGF23AI374-F01,BIO0374,UGF23AI374,Bhushan Iyer,Right Index,Right,51,438,71,Startek FM220U,2024-06-17,ISO 19794-2,Active
FP-UGF23AI374-F05,BIO0374,UGF23AI374,Bhushan Iyer,Left Thumb,Left,25,447,62,Startek FM220U,2024-06-17,ISO 19794-2,Active
FP-UGF23AI375-F00,BIO0375,UGF23AI375,Geeta Chand Hatwar,Right Thumb,Right,67,425,65,ZKTeco SF100,2024-06-04,ISO 19794-2,Active
FP-UGF23AI375-F05,BIO0375,UGF23AI375,Geeta Chand Hatwar,Left Thumb,Left,46,464,61,ZKTeco SF100,2024-06-04,ISO 19794-2,Active
FP-UGF23AI376-F04,BIO0376,UGF23AI376,Faisal Kadam,Right Little,Right,69,461,92,Mantra MFS100,2024-06-04,ISO 19794-2,Active
FP-UGF23AI376-F09,BIO0376,UGF23AI376,Faisal Kadam,Left Little,Left,27,424,81,Mantra MFS100,2024-06-04,ISO 19794-2,Active
FP-UGF23AI377-F02,BIO0377,UGF23AI377,Zara Das Kaur,Right Middle,Right,48,493,93,Mantra MFS100,2024-06-16,ISO 19794-2,Inactive
FP-UGF23AI377-F00,BIO0377,UGF23AI377,Zara Das Kaur,Right Thumb,Right,37,499,80,Mantra MFS100,2024-06-16,ISO 19794-2,Inactive
FP-UGF23AI378-F00,BIO0378,UGF23AI378,Zara Nambiar,Right Thumb,Right,27,498,66,ZKTeco SF100,2024-06-07,ISO 19794-2,Active
FP-UGF23AI378-F09,BIO0378,UGF23AI378,Zara Nambiar,Left Little,Left,70,466,68,ZKTeco SF100,2024-06-07,ISO 19794-2,Active
FP-UGF23AI379-F01,BIO0379,UGF23AI379,Chetan Salve,Right Index,Right,31,492,62,Mantra MFS100,2024-06-25,ISO 19794-2,Active
FP-UGF23AI379-F02,BIO0379,UGF23AI379,Chetan Salve,Right Middle,Right,47,449,93,Mantra MFS100,2024-06-25,ISO 19794-2,Active
FP-UGF23AI380-F00,BIO0380,UGF23AI380,Mahesh Shankar Gangurde,Right Thumb,Right,25,400,79,Startek FM220U,2024-06-09,ISO 19794-2,Active
FP-UGF23AI380-F05,BIO0380,UGF23AI380,Mahesh Shankar Gangurde,Left Thumb,Left,20,487,98,Startek FM220U,2024-06-09,ISO 19794-2,Active
FP-UGF23AI381-F03,BIO0381,UGF23AI381,Faisal Das Saxena,Right Ring,Right,23,442,89,Startek FM220U,2024-06-12,ISO 19794-2,Active
FP-UGF23AI381-F01,BIO0381,UGF23AI381,Faisal Das Saxena,Right Index,Right,20,413,93,Startek FM220U,2024-06-12,ISO 19794-2,Active
FP-UGF23AI382-F02,BIO0382,UGF23AI382,Geeta Raj Joshi,Right Middle,Right,67,484,79,Mantra MFS100,2024-06-23,ISO 19794-2,Active
FP-UGF23AI382-F08,BIO0382,UGF23AI382,Geeta Raj Joshi,Left Ring,Left,19,473,79,Mantra MFS100,2024-06-23,ISO 19794-2,Active
FP-UGF23AI383-F02,BIO0383,UGF23AI383,Ravi Lal Bhosale,Right Middle,Right,58,426,80,ZKTeco SF100,2024-06-06,ISO 19794-2,Active
FP-UGF23AI383-F07,BIO0383,UGF23AI383,Ravi Lal Bhosale,Left Middle,Left,30,424,78,ZKTeco SF100,2024-06-06,ISO 19794-2,Active
FP-UGF23AI384-F01,BIO0384,UGF23AI384,Gaurav Bala Jain,Right Index,Right,35,468,80,Mantra MFS100,2024-06-03,ISO 19794-2,Active
FP-UGF23AI384-F05,BIO0384,UGF23AI384,Gaurav Bala Jain,Left Thumb,Left,67,456,67,Mantra MFS100,2024-06-03,ISO 19794-2,Active
FP-UGF23AI385-F00,BIO0385,UGF23AI385,Om Gupta,Right Thumb,Right,35,419,70,Secugen Hamster Pro,2024-06-06,ISO 19794-2,Active
FP-UGF23AI385-F06,BIO0385,UGF23AI385,Om Gupta,Left Index,Left,35,414,60,Secugen Hamster Pro,2024-06-06,ISO 19794-2,Active
FP-UGF23AI386-F02,BIO0386,UGF23AI386,Sarita Das Desai,Right Middle,Right,57,471,92,ZKTeco SF100,2024-06-24,ISO 19794-2,Active
FP-UGF23AI386-F06,BIO0386,UGF23AI386,Sarita Das Desai,Left Index,Left,24,426,94,ZKTeco SF100,2024-06-24,ISO 19794-2,Active
FP-UGF23AI387-F03,BIO0387,UGF23AI387,Jayesh Nath Hatwar,Right Ring,Right,40,470,80,ZKTeco SF100,2024-06-01,ISO 19794-2,Active
FP-UGF23AI387-F05,BIO0387,UGF23AI387,Jayesh Nath Hatwar,Left Thumb,Left,35,418,78,ZKTeco SF100,2024-06-01,ISO 19794-2,Active
FP-UGF23AI388-F04,BIO0388,UGF23AI388,Jiya Nath Junghare,Right Little,Right,54,431,70,ZKTeco SF100,2024-06-18,ISO 19794-2,Active
FP-UGF23AI388-F00,BIO0388,UGF23AI388,Jiya Nath Junghare,Right Thumb,Right,22,439,99,ZKTeco SF100,2024-06-18,ISO 19794-2,Active
FP-UGF23AI389-F04,BIO0389,UGF23AI389,Geeta Prakash Hande,Right Little,Right,39,469,88,Mantra MFS100,2024-06-09,ISO 19794-2,Active
FP-UGF23AI389-F05,BIO0389,UGF23AI389,Geeta Prakash Hande,Left Thumb,Left,21,416,61,Mantra MFS100,2024-06-09,ISO 19794-2,Active
FP-UGF23AI390-F01,BIO0390,UGF23AI390,Urmila Pillai,Right Index,Right,48,486,63,ZKTeco K40,2024-06-10,ISO 19794-2,Active
FP-UGF23AI390-F03,BIO0390,UGF23AI390,Urmila Pillai,Right Ring,Right,24,449,63,ZKTeco K40,2024-06-10,ISO 19794-2,Active
FP-UGF23AI391-F00,BIO0391,UGF23AI391,Rekha Rao Singh,Right Thumb,Right,23,454,85,ZKTeco SF100,2024-06-11,ISO 19794-2,Active
FP-UGF23AI391-F06,BIO0391,UGF23AI391,Rekha Rao Singh,Left Index,Left,29,490,98,ZKTeco SF100,2024-06-11,ISO 19794-2,Active
FP-UGF23AI392-F04,BIO0392,UGF23AI392,Kedar Singh,Right Little,Right,55,480,88,ZKTeco K40,2024-06-16,ISO 19794-2,Active
FP-UGF23AI392-F01,BIO0392,UGF23AI392,Kedar Singh,Right Index,Right,57,445,79,ZKTeco K40,2024-06-16,ISO 19794-2,Active
FP-UGF23AI393-F03,BIO0393,UGF23AI393,Dhruv Das Takle,Right Ring,Right,39,504,72,Startek FM220U,2024-06-15,ISO 19794-2,Active
FP-UGF23AI393-F05,BIO0393,UGF23AI393,Dhruv Das Takle,Left Thumb,Left,63,497,94,Startek FM220U,2024-06-15,ISO 19794-2,Active
FP-UGF23AI394-F03,BIO0394,UGF23AI394,Om Nath Londhe,Right Ring,Right,23,496,89,ZKTeco SF100,2024-06-23,ISO 19794-2,Active
FP-UGF23AI394-F02,BIO0394,UGF23AI394,Om Nath Londhe,Right Middle,Right,54,416,65,ZKTeco SF100,2024-06-23,ISO 19794-2,Active
FP-UGF23AI395-F01,BIO0395,UGF23AI395,Hina Kumar Pandey,Right Index,Right,70,502,89,Secugen Hamster Pro,2024-06-08,ISO 19794-2,Active
FP-UGF23AI395-F05,BIO0395,UGF23AI395,Hina Kumar Pandey,Left Thumb,Left,24,458,79,Secugen Hamster Pro,2024-06-08,ISO 19794-2,Active
FP-UGF23AI396-F00,BIO0396,UGF23AI396,Wasim Prakash Ingle,Right Thumb,Right,61,482,89,Mantra MFS100,2024-06-26,ISO 19794-2,Active
FP-UGF23AI396-F07,BIO0396,UGF23AI396,Wasim Prakash Ingle,Left Middle,Left,48,429,74,Mantra MFS100,2024-06-26,ISO 19794-2,Active
FP-UGF23AI397-F01,BIO0397,UGF23AI397,Nandini Deshpande,Right Index,Right,27,510,99,Mantra MFS100,2024-06-10,ISO 19794-2,Active
FP-UGF23AI397-F00,BIO0397,UGF23AI397,Nandini Deshpande,Right Thumb,Right,34,446,85,Mantra MFS100,2024-06-10,ISO 19794-2,Active
FP-UGF23AI398-F03,BIO0398,UGF23AI398,Babita Fulzele,Right Ring,Right,29,489,81,ZKTeco SF100,2024-06-23,ISO 19794-2,Active
FP-UGF23AI398-F09,BIO0398,UGF23AI398,Babita Fulzele,Left Little,Left,68,510,80,ZKTeco SF100,2024-06-23,ISO 19794-2,Active
FP-UGF23AI399-F03,BIO0399,UGF23AI399,Hitesh Sai Takle,Right Ring,Right,47,462,61,Secugen Hamster Pro,2024-06-25,ISO 19794-2,Active
FP-UGF23AI399-F01,BIO0399,UGF23AI399,Hitesh Sai Takle,Right Index,Right,22,460,67,Secugen Hamster Pro,2024-06-25,ISO 19794-2,Active
