full_name,first_name,middle_name,last_name,gender,date_of_birth,student_id,roll_number,enrollment_number,department,course,year_semester,class_section,mobile_number,email_id,guardian_name,parent_contact,biometric_id,registered_finger,fingerprint_template,minutiae_count,enrollment_device,enrollment_date,biometric_status,backup_finger
Namrata Prasad Patel,Namrata,Prasad,Patel,Male,2003-12-09,UGF23AI100,A01,EN2423AI100,CSE (AI & ML),B.Tech,3rd Year / VI,CSE-AIML-A,9826600539,namrata.patel79@jit.edu,Mr. Harsh Patel,9553035110,BIO0100,Right Index,FP-UGF23AI100-F01,20,ZKTeco SF100,2024-06-19,Active,Right Little
Jatin Kumar Ambhore,Jatin,Kumar,Ambhore,Female,2003-04-23,UGF23AI101,B01,EN2423AI101,CSE (AI & ML),B.Tech,3rd Year / VI,CSE-AIML-B,9582334538,jatin.ambhore85@jit.edu,Dr. Ramesh Ambhore,9106977991,BIO0101,Right Ring,FP-UGF23AI101-F03,66,Secugen Hamster Pro,2024-06-06,Active,Left Middle
Mohit Shankar Gaikwad,Mohit,Shankar,Gaikwad,Male,2003-02-03,UGF23AI102,C01,EN2423AI102,CSE (AI & ML),B.Tech,3rd Year / VI,CSE-AIML-C,9748245888,mohit.gaikwad43@jit.edu,Mr. Firoz Gaikwad,9593303705,BIO0102,Right Middle,FP-UGF23AI102-F02,52,ZKTeco K40,2024-06-14,Active,Left Middle
Suresh Londhe,Suresh,,Londhe,Female,2003-10-07,UGF23AI103,A02,EN2423AI103,CSE (AI & ML),B.Tech,3rd Year / VI,CSE-AIML-A,9930075810,suresh.londhe47@jit.edu,Mr. Amol Londhe,9349957310,BIO0103,Right Thumb,FP-UGF23AI103-F00,24,ZKTeco K40,2024-06-04,Active,Left Ring
Anjali Nath More,Anjali,Nath,More,Female,2003-06-07,UGF23AI104,B02,EN2423AI104,CSE (AI & ML),B.Tech,3rd Year / VI,CSE-AIML-B,9781802744,anjali.more31@jit.edu,Mrs. Neha More,9596348124,BIO0104,Right Thumb,FP-UGF23AI104-F00,42,Mantra MFS100,2024-06-05,Active,Left Little
Vikas Raj Mukherjee,Vikas,Raj,Mukherjee,Male,2003-01-26,UGF23AI105,C02,EN2423AI105,CSE (AI & ML),B.Tech,3rd Year / VI,CSE-AIML-C,9326541099,vikas.mukherjee82@jit.edu,Dr. Rahul Mukherjee,9803771909,BIO0105,Right Middle,FP-UGF23AI105-F02,49,Startek FM220U,2024-06-16,Active,Left Ring
Manish Das Ambhore,Manish,Das,Ambhore,Female,2003-09-09,UGF23AI106,A03,EN2423AI106,CSE (AI & ML),B.Tech,3rd Year / VI,CSE-AIML-A,9528853029,manish.ambhore56@jit.edu,Mrs. Manish Ambhore,9647099690,BIO0106,Right Ring,FP-UGF23AI106-F03,49,Secugen Hamster Pro,2024-06-03,Active,Right Thumb
Mohit Nath Gangurde,Mohit,Nath,Gangurde,Male,2003-10-03,UGF23AI107,B03,EN2423AI107,CSE (AI & ML),B.Tech,3rd Year / VI,CSE-AIML-B,9668132202,mohit.gangurde42@jit.edu,Mr. Vidya Gangurde,9873869166,BIO0107,Right Little,FP-UGF23AI107-F04,25,Startek FM220U,2024-06-14,Active,Left Little
Kamla Ram Mehta,Kamla,Ram,Mehta,Male,2003-05-14,UGF23AI108,C03,EN2423AI108,CSE (AI & ML),B.Tech,3rd Year / VI,CSE-AIML-C,9637500247,kamla.mehta32@jit.edu,Mr. Dayanand Mehta,9771410971,BIO0108,Right Thumb,FP-UGF23AI108-F00,37,Startek FM220U,2024-06-21,Active,Left Little
Mohit Rao Agarwal,Mohit,Rao,Agarwal,Male,2003-09-25,UGF23AI109,A04,EN2423AI109,CSE (AI & ML),B.Tech,3rd Year / VI,CSE-AIML-A,9624636385,mohit.agarwal12@jit.edu,Mr. Mithun Agarwal,9489747629,BIO0109,Right Little,FP-UGF23AI109-F04,71,ZKTeco K40,2024-06-10,Active,Right Ring
Farhan Nair,Farhan,,Nair,Female,2003-02-24,UGF23AI110,B04,EN2423AI110,CSE (AI & ML),B.Tech,3rd Year / VI,CSE-AIML-B,9237859287,farhan.nair94@jit.edu,Prof. Chetna Nair,9277303722,BIO0110,Right Little,FP-UGF23AI110-F04,34,ZKTeco K40,2024-06-11,Active,Left Middle
Mithun Iyer,Mithun,,Iyer,Female,2003-12-10,UGF23AI111,C04,EN2423AI111,CSE (AI & ML),B.Tech,3rd Year / VI,CSE-AIML-C,9584779555,mithun.iyer25@jit.edu,Mrs. Ravi Iyer,9168747287,BIO0111,Right Ring,FP-UGF23AI111-F03,39,Mantra MFS100,2024-06-14,Active,Left Little
Ravi Kumar Joshi,Ravi,Kumar,Joshi,Male,2003-12-21,UGF23AI112,A05,EN2423AI112,CSE (AI & ML),B.Tech,3rd Year / VI,CSE-AIML-A,9454794895,ravi.joshi19@jit.edu,Mrs. Sneha Joshi,9818309417,BIO0112,Right Thumb,FP-UGF23AI112-F00,49,ZKTeco SF100,2024-06-25,Active,Right Ring
Farhan Dange,Farhan,,Dange,Female,2003-08-08,UGF23AI113,B05,EN2423AI113,CSE (AI & ML),B.Tech,3rd Year / VI,CSE-AIML-B,9201281557,farhan.dange22@jit.edu,Prof. Aditya Dange,9554814084,BIO0113,Right Ring,FP-UGF23AI113-F03,44,Startek FM220U,2024-06-01,Active,Right Thumb
Onkar Prasad Mishra,Onkar,Prasad,Mishra,Female,2003-07-24,UGF23AI114,C05,EN2423AI114,CSE (AI & ML),B.Tech,3rd Year / VI,CSE-AIML-C,9304235259,onkar.mishra78@jit.edu,Prof. Manish Mishra,9552991960,BIO0114,Right Index,FP-UGF23AI114-F01,29,ZKTeco K40,2024-06-16,Active,Right Little
Divya Zende,Divya,,Zende,Male,2003-02-02,UGF23AI115,A06,EN2423AI115,CSE (AI & ML),B.Tech,3rd Year / VI,CSE-AIML-A,9909134796,divya.zende40@jit.edu,Mrs. Hina Zende,9621453189,BIO0115,Right Thumb,FP-UGF23AI115-F00,48,Secugen Hamster Pro,2024-06-06,Active,Left Middle
Nikhil Prakash Hatwar,Nikhil,Prakash,Hatwar,Male,2003-07-09,UGF23AI116,B06,EN2423AI116,CSE (AI & ML),B.Tech,3rd Year / VI,CSE-AIML-B,9847959430,nikhil.hatwar81@jit.edu,Prof. Mohit Hatwar,9303901283,BIO0116,Right Middle,FP-UGF23AI116-F02,36,Startek FM220U,2024-06-01,Active,Right Thumb
Bhushan Raj Chatterjee,Bhushan,Raj,Chatterjee,Female,2003-01-02,UGF23AI117,C06,EN2423AI117,CSE (AI & ML),B.Tech,3rd Year / VI,CSE-AIML-C,9269042105,bhushan.chatterjee17@jit.edu,Mr. Yamini Chatterjee,9299528037,BIO0117,Right Little,FP-UGF23AI117-F04,22,Startek FM220U,2024-06-08,Active,Right Ring
Gunjan Pandey,Gunjan,,Pandey,Male,2003-10-20,UGF23AI118,A07,EN2423AI118,CSE (AI & ML),B.Tech,3rd Year / VI,CSE-AIML-A,9805849060,gunjan.pandey84@jit.edu,Dr. Nilesh Pandey,9379995032,BIO0118,Right Thumb,FP-UGF23AI118-F00,31,Secugen Hamster Pro,2024-06-25,Active,Left Index
Fatima Lal Ahuja,Fatima,Lal,Ahuja,Male,2003-08-11,UGF23AI119,B07,EN2423AI119,CSE (AI & ML),B.Tech,3rd Year / VI,CSE-AIML-B,9766964667,fatima.ahuja82@jit.edu,Mr. Divya Ahuja,9677280546,BIO0119,Right Thumb,FP-UGF23AI119-F00,31,ZKTeco K40,2024-06-02,Active,Right Ring
Farhan Devi Pandey,Farhan,Devi,Pandey,Male,2003-06-10,UGF23AI120,C07,EN2423AI120,CSE (AI & ML),B.Tech,3rd Year / VI,CSE-AIML-C,9756783995,farhan.pandey93@jit.edu,Mr. Sarita Pandey,9977358886,BIO0120,Right Little,FP-UGF23AI120-F04,53,Startek FM220U,2024-06-21,Active,Right Index
Manish Chand Mehta,Manish,Chand,Mehta,Male,2003-02-24,UGF23AI121,A08,EN2423AI121,CSE (AI & ML),B.Tech,3rd Year / VI,CSE-AIML-A,9749431082,manish.mehta36@jit.edu,Dr. Priya Mehta,9838194420,BIO0121,Right Middle,FP-UGF23AI121-F02,58,ZKTeco SF100,2024-06-09,Active,Left Little
Iqbal Raj Pillai,Iqbal,Raj,Pillai,Male,2003-11-14,UGF23AI122,B08,EN2423AI122,CSE (AI & ML),B.Tech,3rd Year / VI,CSE-AIML-B,9927982963,iqbal.pillai26@jit.edu,Dr. Neha Pillai,9895890631,BIO0122,Right Thumb,FP-UGF23AI122-F00,46,ZKTeco K40,2024-06-18,Active,Left Middle
Kavya Devi Yadav,Kavya,Devi,Yadav,Female,2003-09-02,UGF23AI123,C08,EN2423AI123,CSE (AI & ML),B.Tech,3rd Year / VI,CSE-AIML-C,9561479973,kavya.yadav26@jit.edu,Mr. Uday Yadav,9491541578,BIO0123,Right Little,FP-UGF23AI123-F04,68,Secugen Hamster Pro,2024-06-15,Inactive,Right Thumb
Priya Das Shah,Priya,Das,Shah,Female,2003-06-25,UGF23AI124,A09,EN2423AI124,CSE (AI & ML),B.Tech,3rd Year / VI,CSE-AIML-A,9354194771,priya.shah30@jit.edu,Mrs. Farhan Shah,9542697755,BIO0124,Right Little,FP-UGF23AI124-F04,19,Startek FM220U,2024-06-09,Active,Left Index
Hina Das Thakur,Hina,Das,Thakur,Male,2003-03-26,UGF23AI125,B09,EN2423AI125,CSE (AI & ML),B.Tech,3rd Year / VI,CSE-AIML-B,9605399561,hina.thakur38@jit.edu,Mrs. Seema Thakur,9594246837,BIO0125,Right Ring,FP-UGF23AI125-F03,40,ZKTeco K40,2024-06-04,Active,Right Little
Rajesh Shankar Chavan,Rajesh,Shankar,Chavan,Female,2003-06-09,UGF23AI126,C09,EN2423AI126,CSE (AI & ML),B.Tech,3rd Year / VI,CSE-AIML-C,9529151399,rajesh.chavan96@jit.edu,Dr. Anika Chavan,9223847257,BIO0126,Right Middle,FP-UGF23AI126-F02,34,Mantra MFS100,2024-06-24,Active,Left Thumb
Indira Sai Hegde,Indira,Sai,Hegde,Female,2003-12-26,UGF23AI127,A10,EN2423AI127,CSE (AI & ML),B.Tech,3rd Year / VI,CSE-AIML-A,9224173718,indira.hegde59@jit.edu,Mrs. Sandeep Hegde,9147659674,BIO0127,Right Little,FP-UGF23AI127-F04,63,Startek FM220U,2024-06-16,Active,Left Little
Amrita Shankar Londhe,Amrita,Shankar,Londhe,Male,2003-07-03,UGF23AI128,B10,EN2423AI128,CSE (AI & ML),B.Tech,3rd Year / VI,CSE-AIML-B,9812306873,amrita.londhe25@jit.edu,Dr. Urmila Londhe,9432091877,BIO0128,Right Little,FP-UGF23AI128-F04,60,Mantra MFS100,2024-06-05,Active,Left Middle
Chetna Lal Ghosh,Chetna,Lal,Ghosh,Female,2003-07-22,UGF23AI129,C10,EN2423AI129,CSE (AI & ML),B.Tech,3rd Year / VI,CSE-AIML-C,9423142470,chetna.ghosh61@jit.edu,Mr. Tanvi Ghosh,9408071259,BIO0129,Right Little,FP-UGF23AI129-F04,31,ZKTeco SF100,2024-06-14,Active,Left Index
Lalit Shankar Salve,Lalit,Shankar,Salve,Male,2003-08-26,UGF23AI130,A11,EN2423AI130,CSE (AI & ML),B.Tech,3rd Year / VI,CSE-AIML-A,9653462378,lalit.salve94@jit.edu,Dr. Harsha Salve,9978775497,BIO0130,Right Thumb,FP-UGF23AI130-F00,66,ZKTeco SF100,2024-06-01,Active,Left Thumb
Pooja Lal Patel,Pooja,Lal,Patel,Male,2003-01-08,UGF23AI131,B11,EN2423AI131,CSE (AI & ML),B.Tech,3rd Year / VI,CSE-AIML-B,9545002643,pooja.patel90@jit.edu,Mrs. Devika Patel,9847704681,BIO0131,Right Thumb,FP-UGF23AI131-F00,42,Secugen Hamster Pro,2024-06-11,Active,Right Little
Abhishek Kumar Shah,Abhishek,Kumar,Shah,Male,2003-07-08,UGF23AI132,C11,EN2423AI132,CSE (AI & ML),B.Tech,3rd Year / VI,CSE-AIML-C,9698509918,abhishek.shah41@jit.edu,Mr. Navin Shah,9243171768,BIO0132,Right Ring,FP-UGF23AI132-F03,69,Secugen Hamster Pro,2024-06-21,Active,Left Little
Indira Ram Ingole,Indira,Ram,Ingole,Female,2003-10-27,UGF23AI133,A12,EN2423AI133,CSE (AI & ML),B.Tech,3rd Year / VI,CSE-AIML-A,9578796089,indira.ingole30@jit.edu,Prof. Madhuri Ingole,9378304807,BIO0133,Right Ring,FP-UGF23AI133-F03,66,Secugen Hamster Pro,2024-06-03,Active,Left Thumb
Wasim Nambiar,Wasim,,Nambiar,Male,2003-05-15,UGF23AI134,B12,EN2423AI134,CSE (AI & ML),B.Tech,3rd Year / VI,CSE-AIML-B,9460613550,wasim.nambiar50@jit.edu,Mr. Manish Nambiar,9261953189,BIO0134,Right Index,FP-UGF23AI134-F01,32,Mantra MFS100,2024-06-24,Active,Right Ring
Dev Sai Dalvi,Dev,Sai,Dalvi,Female,2003-06-18,UGF23AI135,C12,EN2423AI135,CSE (AI & ML),B.Tech,3rd Year / VI,CSE-AIML-C,9994310083,dev.dalvi63@jit.edu,Prof. Iqbal Dalvi,9926561919,BIO0135,Right Thumb,FP-UGF23AI135-F00,55,Startek FM220U,2024-06-12,Active,Right Index
Jagdish Naik,Jagdish,,Naik,Male,2003-08-01,UGF23AI136,A13,EN2423AI136,CSE (AI & ML),B.Tech,3rd Year / VI,CSE-AIML-A,9677909930,jagdish.naik79@jit.edu,Mrs. Sumit Naik,9335602191,BIO0136,Right Ring,FP-UGF23AI136-F03,35,Mantra MFS100,2024-06-15,Active,Right Thumb
Sarita Prakash Bhatia,Sarita,Prakash,Bhatia,Male,2003-08-05,UGF23AI137,B13,EN2423AI137,CSE (AI & ML),B.Tech,3rd Year / VI,CSE-AIML-B,9735540030,sarita.bhatia82@jit.edu,Mr. Gaurav Bhatia,9790147183,BIO0137,Right Thumb,FP-UGF23AI137-F00,45,Secugen Hamster Pro,2024-06-07,Active,Left Ring
Shruti Prakash Das,Shruti,Prakash,Das,Male,2003-04-15,UGF23AI138,C13,EN2423AI138,CSE (AI & ML),B.Tech,3rd Year / VI,CSE-AIML-C,9907464398,shruti.das63@jit.edu,Dr. Uma Das,9187946147,BIO0138,Right Ring,FP-UGF23AI138-F03,48,Mantra MFS100,2024-06-16,Active,Left Little
Zara Das Rao,Zara,Das,Rao,Female,2003-11-02,UGF23AI139,A14,EN2423AI139,CSE (AI & ML),B.Tech,3rd Year / VI,CSE-AIML-A,9121882877,zara.rao89@jit.edu,Mrs. Rohit Rao,9235528741,BIO0139,Right Index,FP-UGF23AI139-F01,48,ZKTeco K40,2024-06-02,Active,Right Little
Sandeep Rao Bhatia,Sandeep,Rao,Bhatia,Male,2003-10-20,UGF23AI140,B14,EN2423AI140,CSE (AI & ML),B.Tech,3rd Year / VI,CSE-AIML-B,9216070149,sandeep.bhatia84@jit.edu,Mr. Mithun Bhatia,9434961542,BIO0140,Right Index,FP-UGF23AI140-F01,54,ZKTeco K40,2024-06-03,Active,Left Middle
Devika Shankar Joshi,Devika,Shankar,Joshi,Male,2003-10-23,UGF23AI141,C14,EN2423AI141,CSE (AI & ML),B.Tech,3rd Year / VI,CSE-AIML-C,9834717549,devika.joshi86@jit.edu,Mr. Nandini Joshi,9707665448,BIO0141,Right Thumb,FP-UGF23AI141-F00,68,ZKTeco SF100,2024-06-06,Active,Left Little
Chetan Devi Raut,Chetan,Devi,Raut,Male,2003-11-11,UGF23AI142,A15,EN2423AI142,CSE (AI & ML),B.Tech,3rd Year / VI,CSE-AIML-A,9565492204,chetan.raut56@jit.edu,Prof. Chandra Raut,9264272995,BIO0142,Right Ring,FP-UGF23AI142-F03,45,Startek FM220U,2024-06-26,Active,Left Little
Siddharth Vaghmare,Siddharth,,Vaghmare,Male,2003-08-15,UGF23AI143,B15,EN2423AI143,CSE (AI & ML),B.Tech,3rd Year / VI,CSE-AIML-B,9363598427,siddharth.vaghmare21@jit.edu,Dr. Farhan Vaghmare,9584044963,BIO0143,Right Middle,FP-UGF23AI143-F02,33,Secugen Hamster Pro,2024-06-13,Active,Left Middle
Tejas Ram Deshpande,Tejas,Ram,Deshpande,Male,2003-08-07,UGF23AI144,C15,EN2423AI144,CSE (AI & ML),B.Tech,3rd Year / VI,CSE-AIML-C,9740116562,tejas.deshpande99@jit.edu,Dr. Disha Deshpande,9110899674,BIO0144,Right Middle,FP-UGF23AI144-F02,51,Mantra MFS100,2024-06-15,Active,Right Index
Hina Ambhore,Hina,,Ambhore,Male,2003-04-23,UGF23AI145,A16,EN2423AI145,CSE (AI & ML),B.Tech,3rd Year / VI,CSE-AIML-A,9199915275,hina.ambhore47@jit.edu,Mrs. Girish Ambhore,9842800803,BIO0145,Right Ring,FP-UGF23AI145-F03,33,Startek FM220U,2024-06-11,Active,Left Index
Yogesh Rao Gangurde,Yogesh,Rao,Gangurde,Male,2003-12-18,UGF23AI146,B16,EN2423AI146,CSE (AI & ML),B.Tech,3rd Year / VI,CSE-AIML-B,9429233929,yogesh.gangurde42@jit.edu,Mrs. Kunal Gangurde,9874473159,BIO0146,Right Ring,FP-UGF23AI146-F03,30,Mantra MFS100,2024-06-16,Active,Left Little
Abhishek Nath Ghosh,Abhishek,Nath,Ghosh,Female,2003-04-24,UGF23AI147,C16,EN2423AI147,CSE (AI & ML),B.Tech,3rd Year / VI,CSE-AIML-C,9740799178,abhishek.ghosh46@jit.edu,Mr. Uma Ghosh,9308432166,BIO0147,Right Little,FP-UGF23AI147-F04,36,Mantra MFS100,2024-06-11,Active,Right Middle
Chandra Kulkarni,Chandra,,Kulkarni,Female,2003-05-02,UGF23AI148,A17,EN2423AI148,CSE (AI & ML),B.Tech,3rd Year / VI,CSE-AIML-A,9784907325,chandra.kulkarni72@jit.edu,Mr. Dayanand Kulkarni,9113169872,BIO0148,Right Middle,FP-UGF23AI148-F02,54,Secugen Hamster Pro,2024-06-25,Active,Left Ring
Om Raj Reddy,Om,Raj,Reddy,Male,2003-08-04,UGF23AI149,B17,EN2423AI149,CSE (AI & ML),B.Tech,3rd Year / VI,CSE-AIML-B,9719571745,om.reddy90@jit.edu,Mr. Mohit Reddy,9260199682,BIO0149,Right Ring,FP-UGF23AI149-F03,69,Startek FM220U,2024-06-24,Active,Left Thumb
Sakshi Prasad Ambhore,Sakshi,Prasad,Ambhore,Female,2003-07-20,UGF23AI150,C17,EN2423AI150,CSE (AI & ML),B.Tech,3rd Year / VI,CSE-AIML-C,9508427798,sakshi.ambhore67@jit.edu,Prof. Tanvi Ambhore,9731924051,BIO0150,Right Index,FP-UGF23AI150-F01,45,Secugen Hamster Pro,2024-06-07,Active,Right Thumb
Gajanan Prasad Jain,Gajanan,Prasad,Jain,Female,2003-11-07,UGF23AI151,A18,EN2423AI151,CSE (AI & ML),B.Tech,3rd Year / VI,CSE-AIML-A,9286630878,gajanan.jain80@jit.edu,Mr. Neha Jain,9102873038,BIO0151,Right Index,FP-UGF23AI151-F01,44,ZKTeco K40,2024-06-18,Active,Left Ring
Ritika Bala Vaidya,Ritika,Bala,Vaidya,Male,2003-12-28,UGF23AI152,B18,EN2423AI152,CSE (AI & ML),B.Tech,3rd Year / VI,CSE-AIML-B,9945923902,ritika.vaidya90@jit.edu,Mrs. Jayesh Vaidya,9223240112,BIO0152,Right Index,FP-UGF23AI152-F01,52,ZKTeco K40,2024-06-12,Active,Right Ring
Tariq Lal Joshi,Tariq,Lal,Joshi,Female,2003-01-06,UGF23AI153,C18,EN2423AI153,CSE (AI & ML),B.Tech,3rd Year / VI,CSE-AIML-C,9409893263,tariq.joshi66@jit.edu,Mr. Omkar Joshi,9839462365,BIO0153,Right Little,FP-UGF23AI153-F04,37,Mantra MFS100,2024-06-01,Active,Left Thumb
Tejas Nair,Tejas,,Nair,Male,2003-10-02,UGF23AI154,A19,EN2423AI154,CSE (AI & ML),B.Tech,3rd Year / VI,CSE-AIML-A,9127772220,tejas.nair21@jit.edu,Mrs. Tushar Nair,9997603725,BIO0154,Right Little,FP-UGF23AI154-F04,54,Mantra MFS100,2024-06-13,Active,Right Thumb
Tushar Chand Dange,Tushar,Chand,Dange,Female,2003-01-25,UGF23AI155,B19,EN2423AI155,CSE (AI & ML),B.Tech,3rd Year / VI,CSE-AIML-B,9799552991,tushar.dange66@jit.edu,Dr. Om Dange,9728492896,BIO0155,Right Ring,FP-UGF23AI155-F03,45,ZKTeco SF100,2024-06-02,Active,Left Ring
Pallavi Rao Dalvi,Pallavi,Rao,Dalvi,Male,2003-06-11,UGF23AI156,C19,EN2423AI156,CSE (AI & ML),B.Tech,3rd Year / VI,CSE-AIML-C,9542000551,pallavi.dalvi98@jit.edu,Prof. Soham Dalvi,9811443654,BIO0156,Right Index,FP-UGF23AI156-F01,43,ZKTeco K40,2024-06-05,Active,Left Little
Harsha Ram Reddy,Harsha,Ram,Reddy,Male,2003-06-04,UGF23AI157,A20,EN2423AI157,CSE (AI & ML),B.Tech,3rd Year / VI,CSE-AIML-A,9806157458,harsha.reddy79@jit.edu,Prof. Hina Reddy,9158201193,BIO0157,Right Little,FP-UGF23AI157-F04,30,Startek FM220U,2024-06-02,Active,Left Ring
Jagdish Raj Jain,Jagdish,Raj,Jain,Male,2003-05-18,UGF23AI158,B20,EN2423AI158,CSE (AI & ML),B.Tech,3rd Year / VI,CSE-AIML-B,9230380269,jagdish.jain13@jit.edu,Mrs. Chandra Jain,9270057261,BIO0158,Right Ring,FP-UGF23AI158-F03,37,Mantra MFS100,2024-06-22,Active,Left Little
Ravi Prasad Lokhande,Ravi,Prasad,Lokhande,Female,2003-02-21,UGF23AI159,C20,EN2423AI159,CSE (AI & ML),B.Tech,3rd Year / VI,CSE-AIML-C,9857429971,ravi.lokhande44@jit.edu,Prof. Uma Lokhande,9618079974,BIO0159,Right Middle,FP-UGF23AI159-F02,48,Startek FM220U,2024-06-22,Active,Left Little
Pankaj Salve,Pankaj,,Salve,Male,2003-12-05,UGF23AI160,A21,EN2423AI160,CSE (AI & ML),B.Tech,3rd Year / VI,CSE-AIML-A,9945805127,pankaj.salve74@jit.edu,Dr. Tariq Salve,9102754426,BIO0160,Right Ring,FP-UGF23AI160-F03,36,Mantra MFS100,2024-06-24,Active,Left Ring
Madhuri Narwade,Madhuri,,Narwade,Male,2003-06-11,UGF23AI161,B21,EN2423AI161,CSE (AI & ML),B.Tech,3rd Year / VI,CSE-AIML-B,9445505799,madhuri.narwade34@jit.edu,Mrs. Faisal Narwade,9511211819,BIO0161,Right Ring,FP-UGF23AI161-F03,32,Secugen Hamster Pro,2024-06-09,Active,Left Middle
Hemant Naik,Hemant,,Naik,Male,2003-07-22,UGF23AI162,C21,EN2423AI162,CSE (AI & ML),B.Tech,3rd Year / VI,CSE-AIML-C,9235555899,hemant.naik74@jit.edu,Dr. Dayanand Naik,9207765664,BIO0162,Right Ring,FP-UGF23AI162-F03,72,ZKTeco SF100,2024-06-01,Active,Left Little
Aditi Lal Dalvi,Aditi,Lal,Dalvi,Male,2003-11-05,UGF23AI163,A22,EN2423AI163,CSE (AI & ML),B.Tech,3rd Year / VI,CSE-AIML-A,9769219685,aditi.dalvi98@jit.edu,Prof. Priti Dalvi,9186237917,BIO0163,Right Middle,FP-UGF23AI163-F02,72,Startek FM220U,2024-06-24,Active,Left Little
Vanshika Waghmare,Vanshika,,Waghmare,Female,2003-01-20,UGF23AI164,B22,EN2423AI164,CSE (AI & ML),B.Tech,3rd Year / VI,CSE-AIML-B,9901834280,vanshika.waghmare21@jit.edu,Prof. Ishaan Waghmare,9916440738,BIO0164,Right Middle,FP-UGF23AI164-F02,58,ZKTeco SF100,2024-06-24,Active,Right Index
Abhishek Bala Patel,Abhishek,Bala,Patel,Male,2003-01-11,UGF23AI165,C22,EN2423AI165,CSE (AI & ML),B.Tech,3rd Year / VI,CSE-AIML-C,9502482554,abhishek.patel65@jit.edu,Mrs. Sakshi Patel,9670335494,BIO0165,Right Middle,FP-UGF23AI165-F02,44,ZKTeco K40,2024-06-01,Active,Right Ring
Gaurav Naik,Gaurav,,Naik,Female,2003-10-22,UGF23AI166,A23,EN2423AI166,CSE (AI & ML),B.Tech,3rd Year / VI,CSE-AIML-A,9349310440,gaurav.naik69@jit.edu,Dr. Navin Naik,9374154962,BIO0166,Right Little,FP-UGF23AI166-F04,60,Startek FM220U,2024-06-19,Active,Left Ring
Tushar Agarwal,Tushar,,Agarwal,Male,2003-02-15,UGF23AI167,B23,EN2423AI167,CSE (AI & ML),B.Tech,3rd Year / VI,CSE-AIML-B,9841218491,tushar.agarwal42@jit.edu,Prof. Yamini Agarwal,9424400672,BIO0167,Right Middle,FP-UGF23AI167-F02,30,Secugen Hamster Pro,2024-06-15,Inactive,Left Ring
Dhruv Kadam,Dhruv,,Kadam,Male,2003-10-10,UGF23AI168,C23,EN2423AI168,CSE (AI & ML),B.Tech,3rd Year / VI,CSE-AIML-C,9394721069,dhruv.kadam11@jit.edu,Mr. Jyoti Kadam,9751124015,BIO0168,Right Thumb,FP-UGF23AI168-F00,65,Mantra MFS100,2024-06-04,Active,Left Thumb
Ritika Kadam,Ritika,,Kadam,Female,2003-04-21,UGF23AI169,A24,EN2423AI169,CSE (AI & ML),B.Tech,3rd Year / VI,CSE-AIML-A,9774576271,ritika.kadam22@jit.edu,Mr. Uday Kadam,9946764061,BIO0169,Right Middle,FP-UGF23AI169-F02,46,Secugen Hamster Pro,2024-06-20,Active,Left Index
Harsha Bala Das,Harsha,Bala,Das,Female,2003-12-14,UGF23AI170,B24,EN2423AI170,CSE (AI & ML),B.Tech,3rd Year / VI,CSE-AIML-B,9492836532,harsha.das77@jit.edu,Dr. Uma Das,9276678230,BIO0170,Right Index,FP-UGF23AI170-F01,34,ZKTeco SF100,2024-06-21,Active,Left Ring
Suresh Ram Mehta,Suresh,Ram,Mehta,Female,2003-08-03,UGF23AI171,C24,EN2423AI171,CSE (AI & ML),B.Tech,3rd Year / VI,CSE-AIML-C,9492747974,suresh.mehta21@jit.edu,Prof. Aditi Mehta,9383960237,BIO0171,Right Ring,FP-UGF23AI171-F03,52,ZKTeco SF100,2024-06-22,Active,Left Index
Tushar Chand Gite,Tushar,Chand,Gite,Female,2003-07-27,UGF23AI172,A25,EN2423AI172,CSE (AI & ML),B.Tech,3rd Year / VI,CSE-AIML-A,9606244434,tushar.gite13@jit.edu,Dr. Kedar Gite,9755070775,BIO0172,Right Thumb,FP-UGF23AI172-F00,32,Mantra MFS100,2024-06-06,Active,Left Ring
Tanvi Sai Mehta,Tanvi,Sai,Mehta,Male,2003-03-02,UGF23AI173,B25,EN2423AI173,CSE (AI & ML),B.Tech,3rd Year / VI,CSE-AIML-B,9204359116,tanvi.mehta40@jit.edu,Mrs. Eshaan Mehta,9587096273,BIO0173,Right Ring,FP-UGF23AI173-F03,41,Mantra MFS100,2024-06-25,Active,Left Little
Hemant Lal Fulzele,Hemant,Lal,Fulzele,Male,2003-11-04,UGF23AI174,C25,EN2423AI174,CSE (AI & ML),B.Tech,3rd Year / VI,CSE-AIML-C,9135128844,hemant.fulzele98@jit.edu,Dr. Rahul Fulzele,9576078963,BIO0174,Right Ring,FP-UGF23AI174-F03,46,Secugen Hamster Pro,2024-06-11,Active,Left Index
Vidya Rao Waghmare,Vidya,Rao,Waghmare,Female,2003-11-12,UGF23AI175,A26,EN2423AI175,CSE (AI & ML),B.Tech,3rd Year / VI,CSE-AIML-A,9231167999,vidya.waghmare68@jit.edu,Mr. Rajesh Waghmare,9327746886,BIO0175,Right Middle,FP-UGF23AI175-F02,59,Startek FM220U,2024-06-25,Active,Right Thumb
Vishal Das Kulkarni,Vishal,Das,Kulkarni,Female,2003-10-07,UGF23AI176,B26,EN2423AI176,CSE (AI & ML),B.Tech,3rd Year / VI,CSE-AIML-B,9331875999,vishal.kulkarni39@jit.edu,Dr. Leela Kulkarni,9258435089,BIO0176,Right Index,FP-UGF23AI176-F01,68,Secugen Hamster Pro,2024-06-24,Active,Right Thumb
Meera Lal Waghmare,Meera,Lal,Waghmare,Female,2003-05-26,UGF23AI177,C26,EN2423AI177,CSE (AI & ML),B.Tech,3rd Year / VI,CSE-AIML-C,9115956152,meera.waghmare55@jit.edu,Mrs. Harsh Waghmare,9447646966,BIO0177,Right Thumb,FP-UGF23AI177-F00,19,ZKTeco K40,2024-06-21,Active,Right Index
Isha Mehta,Isha,,Mehta,Female,2003-12-03,UGF23AI178,A27,EN2423AI178,CSE (AI & ML),B.Tech,3rd Year / VI,CSE-AIML-A,9737444033,isha.mehta23@jit.edu,Prof. Urmila Mehta,9337887233,BIO0178,Right Middle,FP-UGF23AI178-F02,57,Startek FM220U,2024-06-11,Active,Left Little
Onkar Kumar Mishra,Onkar,Kumar,Mishra,Male,2003-08-28,UGF23AI179,B27,EN2423AI179,CSE (AI & ML),B.Tech,3rd Year / VI,CSE-AIML-B,9864935082,onkar.mishra66@jit.edu,Mr. Iqbal Mishra,9186748119,BIO0179,Right Thumb,FP-UGF23AI179-F00,38,Startek FM220U,2024-06-14,Active,Right Middle
Lalita Zende,Lalita,,Zende,Male,2003-12-11,UGF23AI180,C27,EN2423AI180,CSE (AI & ML),B.Tech,3rd Year / VI,CSE-AIML-C,9587173220,lalita.zende74@jit.edu,Prof. Ishaan Zende,9951580447,BIO0180,Right Little,FP-UGF23AI180-F04,62,Secugen Hamster Pro,2024-06-14,Active,Left Little
Rahul Sai Jadhav,Rahul,Sai,Jadhav,Male,2003-04-14,UGF23AI181,A28,EN2423AI181,CSE (AI & ML),B.Tech,3rd Year / VI,CSE-AIML-A,9883415470,rahul.jadhav22@jit.edu,Dr. Jayesh Jadhav,9435569630,BIO0181,Right Ring,FP-UGF23AI181-F03,60,Startek FM220U,2024-06-16,Active,Right Middle
Pallavi Devi Pillai,Pallavi,Devi,Pillai,Female,2003-02-03,UGF23AI182,B28,EN2423AI182,CSE (AI & ML),B.Tech,3rd Year / VI,CSE-AIML-B,9697398528,pallavi.pillai17@jit.edu,Dr. Sarita Pillai,9231244840,BIO0182,Right Middle,FP-UGF23AI182-F02,44,ZKTeco K40,2024-06-13,Active,Left Middle
Ekta Raj Vaidya,Ekta,Raj,Vaidya,Female,2003-10-10,UGF23AI183,C28,EN2423AI183,CSE (AI & ML),B.Tech,3rd Year / VI,CSE-AIML-C,9328426553,ekta.vaidya29@jit.edu,Prof. Ravi Vaidya,9216198604,BIO0183,Right Little,FP-UGF23AI183-F04,40,ZKTeco K40,2024-06-15,Active,Left Index
Sneha Lal,Sneha,,Lal,Female,2003-07-28,UGF23AI184,A29,EN2423AI184,CSE (AI & ML),B.Tech,3rd Year / VI,CSE-AIML-A,9128189836,sneha.lal87@jit.edu,Dr. Anika Lal,9293720285,BIO0184,Right Little,FP-UGF23AI184-F04,35,Secugen Hamster Pro,2024-06-09,Active,Left Thumb
Zara Kumar Deshpande,Zara,Kumar,Deshpande,Female,2003-03-19,UGF23AI185,B29,EN2423AI185,CSE (AI & ML),B.Tech,3rd Year / VI,CSE-AIML-B,9895609471,zara.deshpande91@jit.edu,Mr. Harsha Deshpande,9901131404,BIO0185,Right Thumb,FP-UGF23AI185-F00,51,Startek FM220U,2024-06-05,Active,Left Middle
Neha Rao Banerjee,Neha,Rao,Banerjee,Male,2003-12-11,UGF23AI186,C29,EN2423AI186,CSE (AI & ML),B.Tech,3rd Year / VI,CSE-AIML-C,9156488296,neha.banerjee29@jit.edu,Mrs. Ila Banerjee,9763398699,BIO0186,Right Little,FP-UGF23AI186-F04,21,Secugen Hamster Pro,2024-06-02,Active,Left Thumb
Jayesh Junghare,Jayesh,,Junghare,Male,2003-08-14,UGF23AI187,A30,EN2423AI187,CSE (AI & ML),B.Tech,3rd Year / VI,CSE-AIML-A,9470626529,jayesh.junghare65@jit.edu,Mr. Soham Junghare,9828230915,BIO0187,Right Little,FP-UGF23AI187-F04,61,ZKTeco SF100,2024-06-18,Active,Left Little
Bhavna Das Bhosale,Bhavna,Das,Bhosale,Female,2003-10-02,UGF23AI188,B30,EN2423AI188,CSE (AI & ML),B.Tech,3rd Year / VI,CSE-AIML-B,9923935280,bhavna.bhosale27@jit.edu,Dr. Suresh Bhosale,9452318696,BIO0188,Right Middle,FP-UGF23AI188-F02,25,ZKTeco SF100,2024-06-26,Active,Left Middle
Dhruv Mukherjee,Dhruv,,Mukherjee,Male,2003-09-18,UGF23AI189,C30,EN2423AI189,CSE (AI & ML),B.Tech,3rd Year / VI,CSE-AIML-C,9896760809,dhruv.mukherjee15@jit.edu,Prof. Akash Mukherjee,9593657365,BIO0189,Right Thumb,FP-UGF23AI189-F00,22,Mantra MFS100,2024-06-05,Active,Left Middle
Chandra Sai Wagh,Chandra,Sai,Wagh,Female,2003-02-13,UGF23AI190,A31,EN2423AI190,CSE (AI & ML),B.Tech,3rd Year / VI,CSE-AIML-A,9594025283,chandra.wagh98@jit.edu,Dr. Harsha Wagh,9568915703,BIO0190,Right Index,FP-UGF23AI190-F01,72,Mantra MFS100,2024-06-26,Active,Left Middle
Yogesh Devi Bhosale,Yogesh,Devi,Bhosale,Female,2003-05-24,UGF23AI191,B31,EN2423AI191,CSE (AI & ML),B.Tech,3rd Year / VI,CSE-AIML-B,9182011731,yogesh.bhosale75@jit.edu,Mr. Yogesh Bhosale,9647556857,BIO0191,Right Middle,FP-UGF23AI191-F02,30,ZKTeco SF100,2024-06-16,Active,Left Index
Seema Lal Nambiar,Seema,Lal,Nambiar,Female,2003-02-05,UGF23AI192,C31,EN2423AI192,CSE (AI & ML),B.Tech,3rd Year / VI,CSE-AIML-C,9264142683,seema.nambiar93@jit.edu,Mr. Nisha Nambiar,9929839316,BIO0192,Right Index,FP-UGF23AI192-F01,58,ZKTeco SF100,2024-06-18,Active,Left Ring
Farhan Das,Farhan,,Das,Male,2003-11-11,UGF23AI193,A32,EN2423AI193,CSE (AI & ML),B.Tech,3rd Year / VI,CSE-AIML-A,9574817290,farhan.das90@jit.edu,Dr. Nandini Das,9394928601,BIO0193,Right Thumb,FP-UGF23AI193-F00,55,Startek FM220U,2024-06-22,Active,Left Little
Omkar Kumar,Omkar,,Kumar,Female,2003-01-12,UGF23AI194,B32,EN2423AI194,CSE (AI & ML),B.Tech,3rd Year / VI,CSE-AIML-B,9737888347,omkar.kumar74@jit.edu,Prof. Omkar Kumar,9723123952,BIO0194,Right Thumb,FP-UGF23AI194-F00,53,ZKTeco K40,2024-06-17,Active,Right Index
Ramesh Ghosh,Ramesh,,Ghosh,Male,2003-06-20,UGF23AI195,C32,EN2423AI195,CSE (AI & ML),B.Tech,3rd Year / VI,CSE-AIML-C,9583745511,ramesh.ghosh23@jit.edu,Dr. Devika Ghosh,9190547712,BIO0195,Right Index,FP-UGF23AI195-F01,50,Secugen Hamster Pro,2024-06-11,Active,Right Thumb
Lalit Unde,Lalit,,Unde,Male,2003-09-20,UGF23AI196,A33,EN2423AI196,CSE (AI & ML),B.Tech,3rd Year / VI,CSE-AIML-A,9515985367,lalit.unde62@jit.edu,Dr. Tushar Unde,9741975062,BIO0196,Right Middle,FP-UGF23AI196-F02,21,Mantra MFS100,2024-06-21,Active,Left Index
Ishaan Apte,Ishaan,,Apte,Male,2003-05-09,UGF23AI197,B33,EN2423AI197,CSE (AI & ML),B.Tech,3rd Year / VI,CSE-AIML-B,9187512088,ishaan.apte84@jit.edu,Mrs. Kedar Apte,9475617211,BIO0197,Right Index,FP-UGF23AI197-F01,37,Secugen Hamster Pro,2024-06-03,Inactive,Left Middle
Chandra Devi Banerjee,Chandra,Devi,Banerjee,Female,2003-09-13,UGF23AI198,C33,EN2423AI198,CSE (AI & ML),B.Tech,3rd Year / VI,CSE-AIML-C,9200344359,chandra.banerjee92@jit.edu,Prof. Varun Banerjee,9488509962,BIO0198,Right Index,FP-UGF23AI198-F01,19,Mantra MFS100,2024-06-06,Active,Right Ring
Yash Ghosh,Yash,,Ghosh,Male,2003-04-05,UGF23AI199,A34,EN2423AI199,CSE (AI & ML),B.Tech,3rd Year / VI,CSE-AIML-A,9645127678,yash.ghosh79@jit.edu,Mr. Rajesh Ghosh,9461597989,BIO0199,Right Middle,FP-UGF23AI199-F02,67,ZKTeco K40,2024-06-22,Active,Left Middle
Om Bhatia,Om,,Bhatia,Female,2003-12-15,UGF23AI200,B34,EN2423AI200,CSE (AI & ML),B.Tech,3rd Year / VI,CSE-AIML-B,9576954730,om.bhatia88@jit.edu,Dr. Ila Bhatia,9903734960,BIO0200,Right Middle,FP-UGF23AI200-F02,68,Startek FM220U,2024-06-25,Active,Left Little
Chetan Ingole,Chetan,,Ingole,Female,2003-08-25,UGF23AI201,C34,EN2423AI201,CSE (AI & ML),B.Tech,3rd Year / VI,CSE-AIML-C,9549533634,chetan.ingole30@jit.edu,Mrs. Pushpa Ingole,9749252434,BIO0201,Right Little,FP-UGF23AI201-F04,26,Startek FM220U,2024-06-17,Active,Right Thumb
Dayanand Rao Zende,Dayanand,Rao,Zende,Male,2003-02-23,UGF23AI202,A35,EN2423AI202,CSE (AI & ML),B.Tech,3rd Year / VI,CSE-AIML-A,9919390458,dayanand.zende30@jit.edu,Dr. Madhuri Zende,9651208305,BIO0202,Right Middle,FP-UGF23AI202-F02,27,ZKTeco K40,2024-06-10,Active,Right Index
Ravi Hegde,Ravi,,Hegde,Male,2003-01-14,UGF23AI203,B35,EN2423AI203,CSE (AI & ML),B.Tech,3rd Year / VI,CSE-AIML-B,9353164777,ravi.hegde59@jit.edu,Mr. Chetan Hegde,9341096660,BIO0203,Right Little,FP-UGF23AI203-F04,19,Startek FM220U,2024-06-25,Active,Right Index
Priti Ram Dubey,Priti,Ram,Dubey,Male,2003-03-02,UGF23AI204,C35,EN2423AI204,CSE (AI & ML),B.Tech,3rd Year / VI,CSE-AIML-C,9581682167,priti.dubey88@jit.edu,Mr. Iqbal Dubey,9185068029,BIO0204,Right Index,FP-UGF23AI204-F01,19,Startek FM220U,2024-06-17,Active,Right Ring
Firoz Unde,Firoz,,Unde,Male,2003-07-04,UGF23AI205,A36,EN2423AI205,CSE (AI & ML),B.Tech,3rd Year / VI,CSE-AIML-A,9230833665,firoz.unde16@jit.edu,Mrs. Isha Unde,9786069196,BIO0205,Right Index,FP-UGF23AI205-F01,68,Mantra MFS100,2024-06-02,Active,Right Middle
Iqbal Ingle,Iqbal,,Ingle,Female,2003-09-01,UGF23AI206,B36,EN2423AI206,CSE (AI & ML),B.Tech,3rd Year / VI,CSE-AIML-B,9871531100,iqbal.ingle28@jit.edu,Dr. Jayesh Ingle,9101679695,BIO0206,Right Little,FP-UGF23AI206-F04,57,Secugen Hamster Pro,2024-06-06,Active,Left Middle
Sarita Devi Unde,Sarita,Devi,Unde,Female,2003-06-03,UGF23AI207,C36,EN2423AI207,CSE (AI & ML),B.Tech,3rd Year / VI,CSE-AIML-C,9695016134,sarita.unde12@jit.edu,Prof. Dayanand Unde,9604803700,BIO0207,Right Little,FP-UGF23AI207-F04,20,Secugen Hamster Pro,2024-06-10,Active,Left Index
Akash Rao Rao,Akash,Rao,Rao,Male,2003-06-08,UGF23AI208,A37,EN2423AI208,CSE (AI & ML),B.Tech,3rd Year / VI,CSE-AIML-A,9243247463,akash.rao15@jit.edu,Dr. Bhushan Rao,9463512350,BIO0208,Right Little,FP-UGF23AI208-F04,70,ZKTeco K40,2024-06-03,Active,Left Ring
Rekha Nath Tiwari,Rekha,Nath,Tiwari,Male,2003-02-23,UGF23AI209,B37,EN2423AI209,CSE (AI & ML),B.Tech,3rd Year / VI,CSE-AIML-B,9316456682,rekha.tiwari15@jit.edu,Mrs. Gunjan Tiwari,9144996163,BIO0209,Right Thumb,FP-UGF23AI209-F00,38,Startek FM220U,2024-06-02,Active,Left Little
Seema Mane,Seema,,Mane,Male,2003-05-02,UGF23AI210,C37,EN2423AI210,CSE (AI & ML),B.Tech,3rd Year / VI,CSE-AIML-C,9938422254,seema.mane16@jit.edu,Dr. Siddharth Mane,9233654018,BIO0210,Right Middle,FP-UGF23AI210-F02,69,ZKTeco SF100,2024-06-02,Active,Left Middle
Hitesh Prakash Gaikwad,Hitesh,Prakash,Gaikwad,Female,2003-03-16,UGF23AI211,A38,EN2423AI211,CSE (AI & ML),B.Tech,3rd Year / VI,CSE-AIML-A,9386389162,hitesh.gaikwad20@jit.edu,Prof. Gaurav Gaikwad,9562360908,BIO0211,Right Middle,FP-UGF23AI211-F02,56,Startek FM220U,2024-06-04,Inactive,Right Ring
Vikas Prasad Nair,Vikas,Prasad,Nair,Female,2003-06-22,UGF23AI212,B38,EN2423AI212,CSE (AI & ML),B.Tech,3rd Year / VI,CSE-AIML-B,9870584681,vikas.nair64@jit.edu,Mrs. Abhishek Nair,9576642996,BIO0212,Right Ring,FP-UGF23AI212-F03,40,Mantra MFS100,2024-06-17,Active,Left Index
Kiran Chand Mishra,Kiran,Chand,Mishra,Female,2003-02-22,UGF23AI213,C38,EN2423AI213,CSE (AI & ML),B.Tech,3rd Year / VI,CSE-AIML-C,9960170255,kiran.mishra96@jit.edu,Mrs. Anika Mishra,9253308283,BIO0213,Right Middle,FP-UGF23AI213-F02,72,Startek FM220U,2024-06-06,Active,Left Ring
Dev Das Londhe,Dev,Das,Londhe,Female,2003-06-13,UGF23AI214,A39,EN2423AI214,CSE (AI & ML),B.Tech,3rd Year / VI,CSE-AIML-A,9829137330,dev.londhe67@jit.edu,Dr. Chetan Londhe,9576676179,BIO0214,Right Little,FP-UGF23AI214-F04,66,ZKTeco K40,2024-06-08,Active,Right Middle
Fatima Ram Upadhyay,Fatima,Ram,Upadhyay,Female,2003-04-04,UGF23AI215,B39,EN2423AI215,CSE (AI & ML),B.Tech,3rd Year / VI,CSE-AIML-B,9515524530,fatima.upadhyay81@jit.edu,Mr. Shruti Upadhyay,9932111777,BIO0215,Right Ring,FP-UGF23AI215-F03,34,ZKTeco SF100,2024-06-26,Active,Right Little
Soham Iyer,Soham,,Iyer,Male,2003-02-05,UGF23AI216,C39,EN2423AI216,CSE (AI & ML),B.Tech,3rd Year / VI,CSE-AIML-C,9194264587,soham.iyer97@jit.edu,Dr. Sarita Iyer,9473045064,BIO0216,Right Index,FP-UGF23AI216-F01,63,Startek FM220U,2024-06-24,Active,Left Little
Tanvi Nath Chopra,Tanvi,Nath,Chopra,Female,2003-06-17,UGF23AI217,A40,EN2423AI217,CSE (AI & ML),B.Tech,3rd Year / VI,CSE-AIML-A,9354193540,tanvi.chopra73@jit.edu,Mr. Anjali Chopra,9694875990,BIO0217,Right Index,FP-UGF23AI217-F01,54,ZKTeco K40,2024-06-19,Active,Left Little
Gunjan Devi Rao,Gunjan,Devi,Rao,Male,2003-05-13,UGF23AI218,B40,EN2423AI218,CSE (AI & ML),B.Tech,3rd Year / VI,CSE-AIML-B,9925884151,gunjan.rao62@jit.edu,Mr. Lakshmi Rao,9440405868,BIO0218,Right Little,FP-UGF23AI218-F04,59,Startek FM220U,2024-06-04,Active,Left Ring
Zara Lal Zende,Zara,Lal,Zende,Female,2003-11-19,UGF23AI219,C40,EN2423AI219,CSE (AI & ML),B.Tech,3rd Year / VI,CSE-AIML-C,9159499094,zara.zende25@jit.edu,Mrs. Tanvi Zende,9276799196,BIO0219,Right Ring,FP-UGF23AI219-F03,28,ZKTeco SF100,2024-06-21,Active,Right Little
Wasim Bala Nair,Wasim,Bala,Nair,Female,2003-05-07,UGF23AI220,A41,EN2423AI220,CSE (AI & ML),B.Tech,3rd Year / VI,CSE-AIML-A,9771112648,wasim.nair48@jit.edu,Mr. Urmila Nair,9788255012,BIO0220,Right Middle,FP-UGF23AI220-F02,28,Secugen Hamster Pro,2024-06-06,Active,Right Ring
Lalita Gaikwad,Lalita,,Gaikwad,Female,2003-10-02,UGF23AI221,B41,EN2423AI221,CSE (AI & ML),B.Tech,3rd Year / VI,CSE-AIML-B,9384172112,lalita.gaikwad93@jit.edu,Mrs. Kamla Gaikwad,9714327645,BIO0221,Right Thumb,FP-UGF23AI221-F00,44,ZKTeco K40,2024-06-26,Active,Right Index
Mahesh Wagh,Mahesh,,Wagh,Male,2003-11-10,UGF23AI222,C41,EN2423AI222,CSE (AI & ML),B.Tech,3rd Year / VI,CSE-AIML-C,9586989309,mahesh.wagh19@jit.edu,Mr. Neha Wagh,9572022811,BIO0222,Right Ring,FP-UGF23AI222-F03,44,ZKTeco SF100,2024-06-11,Active,Right Little
Meera Ram Chatterjee,Meera,Ram,Chatterjee,Male,2003-12-28,UGF23AI223,A42,EN2423AI223,CSE (AI & ML),B.Tech,3rd Year / VI,CSE-AIML-A,9652955706,meera.chatterjee81@jit.edu,Mr. Vanshika Chatterjee,9359564054,BIO0223,Right Index,FP-UGF23AI223-F01,47,Startek FM220U,2024-06-15,Active,Left Ring
Ishaan Raj Wagh,Ishaan,Raj,Wagh,Female,2003-07-28,UGF23AI224,B42,EN2423AI224,CSE (AI & ML),B.Tech,3rd Year / VI,CSE-AIML-B,9973465185,ishaan.wagh51@jit.edu,Dr. Pankaj Wagh,9919395339,BIO0224,Right Index,FP-UGF23AI224-F01,28,Startek FM220U,2024-06-07,Active,Left Little
Farhan Bala Pawar,Farhan,Bala,Pawar,Female,2003-01-03,UGF23AI225,C42,EN2423AI225,CSE (AI & ML),B.Tech,3rd Year / VI,CSE-AIML-C,9331009561,farhan.pawar84@jit.edu,Dr. Chirag Pawar,9154267347,BIO0225,Right Ring,FP-UGF23AI225-F03,36,Secugen Hamster Pro,2024-06-14,Active,Left Ring
Aditi Prasad Hivrale,Aditi,Prasad,Hivrale,Male,2003-03-09,UGF23AI226,A43,EN2423AI226,CSE (AI & ML),B.Tech,3rd Year / VI,CSE-AIML-A,9148578655,aditi.hivrale61@jit.edu,Mr. Esha Hivrale,9703246271,BIO0226,Right Ring,FP-UGF23AI226-F03,30,Mantra MFS100,2024-06-03,Active,Left Thumb
Urmila Zende,Urmila,,Zende,Female,2003-05-27,UGF23AI227,B43,EN2423AI227,CSE (AI & ML),B.Tech,3rd Year / VI,CSE-AIML-B,9203810954,urmila.zende60@jit.edu,Dr. Nandini Zende,9464090064,BIO0227,Right Thumb,FP-UGF23AI227-F00,53,Secugen Hamster Pro,2024-06-07,Active,Right Ring
Varun Prakash Raut,Varun,Prakash,Raut,Male,2003-01-02,UGF23AI228,C43,EN2423AI228,CSE (AI & ML),B.Tech,3rd Year / VI,CSE-AIML-C,9657629251,varun.raut68@jit.edu,Mrs. Jatin Raut,9653520069,BIO0228,Right Middle,FP-UGF23AI228-F02,26,ZKTeco SF100,2024-06-25,Active,Left Index
Kalpesh Bala Hande,Kalpesh,Bala,Hande,Female,2003-06-17,UGF23AI229,A44,EN2423AI229,CSE (AI & ML),B.Tech,3rd Year / VI,CSE-AIML-A,9421897671,kalpesh.hande70@jit.edu,Mr. Chetan Hande,9455665802,BIO0229,Right Ring,FP-UGF23AI229-F03,61,Secugen Hamster Pro,2024-06-10,Active,Left Middle
Nandini Kumar Ingle,Nandini,Kumar,Ingle,Female,2003-08-09,UGF23AI230,B44,EN2423AI230,CSE (AI & ML),B.Tech,3rd Year / VI,CSE-AIML-B,9874597473,nandini.ingle16@jit.edu,Prof. Nikhil Ingle,9662890182,BIO0230,Right Little,FP-UGF23AI230-F04,58,Secugen Hamster Pro,2024-06-06,Active,Left Middle
Vidya Das Kumar,Vidya,Das,Kumar,Male,2003-10-23,UGF23AI231,C44,EN2423AI231,CSE (AI & ML),B.Tech,3rd Year / VI,CSE-AIML-C,9436824737,vidya.kumar63@jit.edu,Mrs. Hina Kumar,9841419015,BIO0231,Right Thumb,FP-UGF23AI231-F00,31,ZKTeco SF100,2024-06-23,Active,Left Ring
Gajanan Raj Tiwari,Gajanan,Raj,Tiwari,Female,2003-09-07,UGF23AI232,A45,EN2423AI232,CSE (AI & ML),B.Tech,3rd Year / VI,CSE-AIML-A,9504612520,gajanan.tiwari50@jit.edu,Mrs. Navin Tiwari,9672440825,BIO0232,Right Ring,FP-UGF23AI232-F03,39,Mantra MFS100,2024-06-09,Active,Left Thumb
Pankaj Das Upadhyay,Pankaj,Das,Upadhyay,Female,2003-09-10,UGF23AI233,B45,EN2423AI233,CSE (AI & ML),B.Tech,3rd Year / VI,CSE-AIML-B,9841139461,pankaj.upadhyay72@jit.edu,Dr. Rekha Upadhyay,9474524558,BIO0233,Right Middle,FP-UGF23AI233-F02,53,Mantra MFS100,2024-06-19,Active,Left Thumb
Faisal Naik,Faisal,,Naik,Male,2003-07-27,UGF23AI234,C45,EN2423AI234,CSE (AI & ML),B.Tech,3rd Year / VI,CSE-AIML-C,9408840720,faisal.naik20@jit.edu,Dr. Mithun Naik,9574997731,BIO0234,Right Middle,FP-UGF23AI234-F02,59,ZKTeco SF100,2024-06-15,Active,Left Ring
Tariq Thakur,Tariq,,Thakur,Female,2003-09-23,UGF23AI235,A46,EN2423AI235,CSE (AI & ML),B.Tech,3rd Year / VI,CSE-AIML-A,9895525625,tariq.thakur85@jit.edu,Mrs. Sakshi Thakur,9154508960,BIO0235,Right Thumb,FP-UGF23AI235-F00,60,ZKTeco SF100,2024-06-18,Active,Right Little
Chirag Prasad Dalvi,Chirag,Prasad,Dalvi,Male,2003-06-23,UGF23AI236,B46,EN2423AI236,CSE (AI & ML),B.Tech,3rd Year / VI,CSE-AIML-B,9690936560,chirag.dalvi30@jit.edu,Prof. Priti Dalvi,9610778600,BIO0236,Right Index,FP-UGF23AI236-F01,48,ZKTeco K40,2024-06-11,Active,Left Thumb
Onkar Raj Pillai,Onkar,Raj,Pillai,Female,2003-11-19,UGF23AI237,C46,EN2423AI237,CSE (AI & ML),B.Tech,3rd Year / VI,CSE-AIML-C,9548700579,onkar.pillai32@jit.edu,Mr. Vimal Pillai,9526269674,BIO0237,Right Thumb,FP-UGF23AI237-F00,68,Secugen Hamster Pro,2024-06-19,Active,Left Thumb
Aditi Bala Bhange,Aditi,Bala,Bhange,Female,2003-10-04,UGF23AI238,A47,EN2423AI238,CSE (AI & ML),B.Tech,3rd Year / VI,CSE-AIML-A,9662982736,aditi.bhange73@jit.edu,Mrs. Yamini Bhange,9641394238,BIO0238,Right Ring,FP-UGF23AI238-F03,47,Mantra MFS100,2024-06-16,Active,Right Index
Firoz Reddy,Firoz,,Reddy,Female,2003-12-06,UGF23AI239,B47,EN2423AI239,CSE (AI & ML),B.Tech,3rd Year / VI,CSE-AIML-B,9824132709,firoz.reddy34@jit.edu,Mrs. Kalpesh Reddy,9785826598,BIO0239,Right Middle,FP-UGF23AI239-F02,43,Mantra MFS100,2024-06-26,Active,Left Little
Girish Prasad Deshpande,Girish,Prasad,Deshpande,Male,2003-03-16,UGF23AI240,C47,EN2423AI240,CSE (AI & ML),B.Tech,3rd Year / VI,CSE-AIML-C,9511859868,girish.deshpande40@jit.edu,Prof. Ila Deshpande,9386682971,BIO0240,Right Thumb,FP-UGF23AI240-F00,39,ZKTeco SF100,2024-06-16,Active,Right Index
Anjali Das Mishra,Anjali,Das,Mishra,Male,2003-11-04,UGF23AI241,A48,EN2423AI241,CSE (AI & ML),B.Tech,3rd Year / VI,CSE-AIML-A,9836665942,anjali.mishra74@jit.edu,Dr. Abhishek Mishra,9226074193,BIO0241,Right Index,FP-UGF23AI241-F01,58,Mantra MFS100,2024-06-12,Active,Left Thumb
Ravi Das Tiwari,Ravi,Das,Tiwari,Male,2003-08-05,UGF23AI242,B48,EN2423AI242,CSE (AI & ML),B.Tech,3rd Year / VI,CSE-AIML-B,9853703117,ravi.tiwari80@jit.edu,Prof. Ila Tiwari,9677155220,BIO0242,Right Middle,FP-UGF23AI242-F02,69,Secugen Hamster Pro,2024-06-12,Active,Right Little
Vidya Nair,Vidya,,Nair,Female,2003-09-15,UGF23AI243,C48,EN2423AI243,CSE (AI & ML),B.Tech,3rd Year / VI,CSE-AIML-C,9220483278,vidya.nair17@jit.edu,Mrs. Faisal Nair,9676234459,BIO0243,Right Thumb,FP-UGF23AI243-F00,27,Mantra MFS100,2024-06-10,Active,Left Little
Vidya Shankar Gite,Vidya,Shankar,Gite,Male,2003-08-03,UGF23AI244,A49,EN2423AI244,CSE (AI & ML),B.Tech,3rd Year / VI,CSE-AIML-A,9241674152,vidya.gite75@jit.edu,Prof. Navin Gite,9705495031,BIO0244,Right Thumb,FP-UGF23AI244-F00,21,Startek FM220U,2024-06-10,Active,Left Thumb
Fatima Chand Hatwar,Fatima,Chand,Hatwar,Male,2003-12-07,UGF23AI245,B49,EN2423AI245,CSE (AI & ML),B.Tech,3rd Year / VI,CSE-AIML-B,9469935052,fatima.hatwar99@jit.edu,Mr. Bhushan Hatwar,9164698991,BIO0245,Right Thumb,FP-UGF23AI245-F00,22,ZKTeco K40,2024-06-08,Inactive,Left Ring
Hina Nath Tiwari,Hina,Nath,Tiwari,Male,2003-11-24,UGF23AI246,C49,EN2423AI246,CSE (AI & ML),B.Tech,3rd Year / VI,CSE-AIML-C,9581613078,hina.tiwari58@jit.edu,Prof. Gaurav Tiwari,9833076128,BIO0246,Right Middle,FP-UGF23AI246-F02,60,Startek FM220U,2024-06-06,Active,Right Ring
Zara Prasad Chopra,Zara,Prasad,Chopra,Male,2003-09-13,UGF23AI247,A50,EN2423AI247,CSE (AI & ML),B.Tech,3rd Year / VI,CSE-AIML-A,9911941471,zara.chopra12@jit.edu,Dr. Omkar Chopra,9823164961,BIO0247,Right Index,FP-UGF23AI247-F01,64,ZKTeco SF100,2024-06-10,Active,Left Little
Ritika Das Kale,Ritika,Das,Kale,Male,2003-06-05,UGF23AI248,B50,EN2423AI248,CSE (AI & ML),B.Tech,3rd Year / VI,CSE-AIML-B,9969170578,ritika.kale94@jit.edu,Prof. Kalpesh Kale,9922543647,BIO0248,Right Thumb,FP-UGF23AI248-F00,19,ZKTeco SF100,2024-06-18,Active,Right Middle
Arjun Ingle,Arjun,,Ingle,Male,2003-11-23,UGF23AI249,C50,EN2423AI249,CSE (AI & ML),B.Tech,3rd Year / VI,CSE-AIML-C,9571332733,arjun.ingle39@jit.edu,Mrs. Ila Ingle,9933291969,BIO0249,Right Thumb,FP-UGF23AI249-F00,21,ZKTeco SF100,2024-06-25,Active,Left Thumb
Kedar Chatterjee,Kedar,,Chatterjee,Male,2003-10-20,UGF23AI250,A51,EN2423AI250,CSE (AI & ML),B.Tech,3rd Year / VI,CSE-AIML-A,9253824712,kedar.chatterjee94@jit.edu,Mrs. Hina Chatterjee,9422660441,BIO0250,Right Index,FP-UGF23AI250-F01,35,Mantra MFS100,2024-06-02,Active,Right Ring
Jayesh Pawar,Jayesh,,Pawar,Male,2003-01-12,UGF23AI251,B51,EN2423AI251,CSE (AI & ML),B.Tech,3rd Year / VI,CSE-AIML-B,9847655456,jayesh.pawar63@jit.edu,Prof. Mohit Pawar,9422002819,BIO0251,Right Little,FP-UGF23AI251-F04,42,Startek FM220U,2024-06-06,Active,Left Little
Yamini Das Ahuja,Yamini,Das,Ahuja,Female,2003-12-05,UGF23AI252,C51,EN2423AI252,CSE (AI & ML),B.Tech,3rd Year / VI,CSE-AIML-C,9543109075,yamini.ahuja63@jit.edu,Mrs. Eshaan Ahuja,9360767346,BIO0252,Right Thumb,FP-UGF23AI252-F00,34,Startek FM220U,2024-06-01,Active,Right Middle
Yamini Rao Pillai,Yamini,Rao,Pillai,Male,2003-09-24,UGF23AI253,A52,EN2423AI253,CSE (AI & ML),B.Tech,3rd Year / VI,CSE-AIML-A,9823349713,yamini.pillai87@jit.edu,Mr. Dayanand Pillai,9178151583,BIO0253,Right Middle,FP-UGF23AI253-F02,30,ZKTeco K40,2024-06-20,Active,Left Little
Priya Ram Ahuja,Priya,Ram,Ahuja,Female,2003-01-07,UGF23AI254,B52,EN2423AI254,CSE (AI & ML),B.Tech,3rd Year / VI,CSE-AIML-B,9846923032,priya.ahuja87@jit.edu,Mrs. Fatima Ahuja,9356979659,BIO0254,Right Ring,FP-UGF23AI254-F03,53,ZKTeco K40,2024-06-20,Active,Left Thumb
Amrita Rao Banerjee,Amrita,Rao,Banerjee,Male,2003-05-12,UGF23AI255,C52,EN2423AI255,CSE (AI & ML),B.Tech,3rd Year / VI,CSE-AIML-C,9962017778,amrita.banerjee70@jit.edu,Dr. Kedar Banerjee,9318106480,BIO0255,Right Ring,FP-UGF23AI255-F03,41,Startek FM220U,2024-06-10,Active,Right Thumb
Ravi Lal Verma,Ravi,Lal,Verma,Male,2003-05-18,UGF23AI256,A53,EN2423AI256,CSE (AI & ML),B.Tech,3rd Year / VI,CSE-AIML-A,9263650505,ravi.verma35@jit.edu,Dr. Ritika Verma,9507849850,BIO0256,Right Ring,FP-UGF23AI256-F03,54,Secugen Hamster Pro,2024-06-08,Active,Left Ring
Vidya Ram Reddy,Vidya,Ram,Reddy,Female,2003-08-24,UGF23AI257,B53,EN2423AI257,CSE (AI & ML),B.Tech,3rd Year / VI,CSE-AIML-B,9886808192,vidya.reddy55@jit.edu,Mrs. Manish Reddy,9873430762,BIO0257,Right Ring,FP-UGF23AI257-F03,52,Startek FM220U,2024-06-06,Active,Left Little
Deepika Kumar,Deepika,,Kumar,Male,2003-02-27,UGF23AI258,C53,EN2423AI258,CSE (AI & ML),B.Tech,3rd Year / VI,CSE-AIML-C,9247630403,deepika.kumar90@jit.edu,Mrs. Dev Kumar,9859317542,BIO0258,Right Thumb,FP-UGF23AI258-F00,27,ZKTeco K40,2024-06-05,Active,Left Little
Deepika Kharat,Deepika,,Kharat,Female,2003-08-22,UGF23AI259,A54,EN2423AI259,CSE (AI & ML),B.Tech,3rd Year / VI,CSE-AIML-A,9692322761,deepika.kharat62@jit.edu,Mr. Akash Kharat,9668457864,BIO0259,Right Thumb,FP-UGF23AI259-F00,64,ZKTeco K40,2024-06-11,Active,Left Thumb
Seema Sai Chopra,Seema,Sai,Chopra,Female,2003-02-04,UGF23AI260,B54,EN2423AI260,CSE (AI & ML),B.Tech,3rd Year / VI,CSE-AIML-B,9765484610,seema.chopra77@jit.edu,Dr. Seema Chopra,9480578233,BIO0260,Right Index,FP-UGF23AI260-F01,35,ZKTeco SF100,2024-06-10,Active,Right Middle
Girish Bhange,Girish,,Bhange,Male,2003-04-23,UGF23AI261,C54,EN2423AI261,CSE (AI & ML),B.Tech,3rd Year / VI,CSE-AIML-C,9200395400,girish.bhange61@jit.edu,Prof. Dhruv Bhange,9693458652,BIO0261,Right Thumb,FP-UGF23AI261-F00,48,Mantra MFS100,2024-06-19,Active,Right Index
Gaurav Hivrale,Gaurav,,Hivrale,Female,2003-11-26,UGF23AI262,A55,EN2423AI262,CSE (AI & ML),B.Tech,3rd Year / VI,CSE-AIML-A,9145689604,gaurav.hivrale39@jit.edu,Mrs. Iqbal Hivrale,9843338269,BIO0262,Right Thumb,FP-UGF23AI262-F00,54,Secugen Hamster Pro,2024-06-16,Active,Right Index
Vidya Chand Waghmare,Vidya,Chand,Waghmare,Male,2003-10-22,UGF23AI263,B55,EN2423AI263,CSE (AI & ML),B.Tech,3rd Year / VI,CSE-AIML-B,9322434334,vidya.waghmare85@jit.edu,Mrs. Ila Waghmare,9981209973,BIO0263,Right Middle,FP-UGF23AI263-F02,63,ZKTeco SF100,2024-06-25,Active,Right Index
Esha Das Bhange,Esha,Das,Bhange,Female,2003-07-22,UGF23AI264,C55,EN2423AI264,CSE (AI & ML),B.Tech,3rd Year / VI,CSE-AIML-C,9948790854,esha.bhange98@jit.edu,Mr. Urmila Bhange,9900427880,BIO0264,Right Ring,FP-UGF23AI264-F03,40,Mantra MFS100,2024-06-09,Active,Left Middle
Divya Ram Junghare,Divya,Ram,Junghare,Male,2003-10-20,UGF23AI265,A56,EN2423AI265,CSE (AI & ML),B.Tech,3rd Year / VI,CSE-AIML-A,9941328406,divya.junghare67@jit.edu,Prof. Ritika Junghare,9482049366,BIO0265,Right Thumb,FP-UGF23AI265-F00,53,Mantra MFS100,2024-06-14,Active,Left Middle
Geeta Prakash Nair,Geeta,Prakash,Nair,Male,2003-10-10,UGF23AI266,B56,EN2423AI266,CSE (AI & ML),B.Tech,3rd Year / VI,CSE-AIML-B,9387732777,geeta.nair29@jit.edu,Prof. Devika Nair,9941695782,BIO0266,Right Thumb,FP-UGF23AI266-F00,58,ZKTeco SF100,2024-06-01,Active,Left Middle
Jiya Devi Hatwar,Jiya,Devi,Hatwar,Female,2003-05-15,UGF23AI267,C56,EN2423AI267,CSE (AI & ML),B.Tech,3rd Year / VI,CSE-AIML-C,9193734690,jiya.hatwar33@jit.edu,Prof. Madhuri Hatwar,9698058121,BIO0267,Right Thumb,FP-UGF23AI267-F00,53,Mantra MFS100,2024-06-15,Active,Right Middle
Aditya Pillai,Aditya,,Pillai,Male,2003-10-20,UGF23AI268,A57,EN2423AI268,CSE (AI & ML),B.Tech,3rd Year / VI,CSE-AIML-A,9413368711,aditya.pillai62@jit.edu,Prof. Leela Pillai,9190945411,BIO0268,Right Ring,FP-UGF23AI268-F03,64,Mantra MFS100,2024-06-01,Active,Right Little
Nikhil Prakash Bhatia,Nikhil,Prakash,Bhatia,Female,2003-03-09,UGF23AI269,B57,EN2423AI269,CSE (AI & ML),B.Tech,3rd Year / VI,CSE-AIML-B,9167932588,nikhil.bhatia31@jit.edu,Prof. Sneha Bhatia,9552155193,BIO0269,Right Ring,FP-UGF23AI269-F03,37,Mantra MFS100,2024-06-17,Active,Right Index
Sakshi Ingle,Sakshi,,Ingle,Male,2003-10-07,UGF23AI270,C57,EN2423AI270,CSE (AI & ML),B.Tech,3rd Year / VI,CSE-AIML-C,9107266407,sakshi.ingle60@jit.edu,Dr. Vimal Ingle,9765926290,BIO0270,Right Index,FP-UGF23AI270-F01,42,ZKTeco K40,2024-06-12,Active,Left Index
Kiran Tiwari,Kiran,,Tiwari,Male,2003-05-11,UGF23AI271,A58,EN2423AI271,CSE (AI & ML),B.Tech,3rd Year / VI,CSE-AIML-A,9290736564,kiran.tiwari60@jit.edu,Dr. Suresh Tiwari,9889065340,BIO0271,Right Ring,FP-UGF23AI271-F03,62,ZKTeco SF100,2024-06-07,Active,Right Little
Sneha Prakash Londhe,Sneha,Prakash,Londhe,Female,2003-02-19,UGF23AI272,B58,EN2423AI272,CSE (AI & ML),B.Tech,3rd Year / VI,CSE-AIML-B,9831983367,sneha.londhe80@jit.edu,Mr. Firoz Londhe,9595663087,BIO0272,Right Little,FP-UGF23AI272-F04,63,Secugen Hamster Pro,2024-06-20,Active,Left Thumb
Dev Sai Pawar,Dev,Sai,Pawar,Female,2003-03-21,UGF23AI273,C58,EN2423AI273,CSE (AI & ML),B.Tech,3rd Year / VI,CSE-AIML-C,9867979226,dev.pawar64@jit.edu,Prof. Divya Pawar,9582181718,BIO0273,Right Middle,FP-UGF23AI273-F02,56,ZKTeco SF100,2024-06-17,Active,Left Middle
Mithun Sai Waghmare,Mithun,Sai,Waghmare,Male,2003-01-26,UGF23AI274,A59,EN2423AI274,CSE (AI & ML),B.Tech,3rd Year / VI,CSE-AIML-A,9217434526,mithun.waghmare41@jit.edu,Dr. Nikhil Waghmare,9794710793,BIO0274,Right Little,FP-UGF23AI274-F04,57,Secugen Hamster Pro,2024-06-15,Active,Left Middle
Vishal Sai Shah,Vishal,Sai,Shah,Female,2003-01-04,UGF23AI275,B59,EN2423AI275,CSE (AI & ML),B.Tech,3rd Year / VI,CSE-AIML-B,9699140867,vishal.shah84@jit.edu,Mrs. Madhuri Shah,9501707828,BIO0275,Right Little,FP-UGF23AI275-F04,43,ZKTeco SF100,2024-06-18,Active,Left Little
Anika Shah,Anika,,Shah,Male,2003-05-14,UGF23AI276,C59,EN2423AI276,CSE (AI & ML),B.Tech,3rd Year / VI,CSE-AIML-C,9434889710,anika.shah53@jit.edu,Prof. Mukesh Shah,9322122096,BIO0276,Right Index,FP-UGF23AI276-F01,51,ZKTeco K40,2024-06-24,Active,Left Ring
Ekta Chatterjee,Ekta,,Chatterjee,Male,2003-02-10,UGF23AI277,A60,EN2423AI277,CSE (AI & ML),B.Tech,3rd Year / VI,CSE-AIML-A,9795752405,ekta.chatterjee23@jit.edu,Mrs. Nilesh Chatterjee,9895094534,BIO0277,Right Thumb,FP-UGF23AI277-F00,33,ZKTeco K40,2024-06-25,Active,Left Little
Disha Sai Lokhande,Disha,Sai,Lokhande,Male,2003-04-26,UGF23AI278,B60,EN2423AI278,CSE (AI & ML),B.Tech,3rd Year / VI,CSE-AIML-B,9524753348,disha.lokhande13@jit.edu,Mrs. Madhuri Lokhande,9735873300,BIO0278,Right Index,FP-UGF23AI278-F01,45,ZKTeco SF100,2024-06-14,Active,Right Little
Ila Devi Dange,Ila,Devi,Dange,Male,2003-02-26,UGF23AI279,C60,EN2423AI279,CSE (AI & ML),B.Tech,3rd Year / VI,CSE-AIML-C,9311606895,ila.dange68@jit.edu,Mr. Shruti Dange,9820160169,BIO0279,Right Middle,FP-UGF23AI279-F02,49,ZKTeco SF100,2024-06-09,Active,Left Index
Kalpesh Prakash Hande,Kalpesh,Prakash,Hande,Female,2003-02-12,UGF23AI280,A61,EN2423AI280,CSE (AI & ML),B.Tech,3rd Year / VI,CSE-AIML-A,9973744799,kalpesh.hande96@jit.edu,Dr. Kedar Hande,9759797724,BIO0280,Right Little,FP-UGF23AI280-F04,55,Startek FM220U,2024-06-15,Active,Right Middle
Rohit Bala Mehta,Rohit,Bala,Mehta,Male,2003-03-12,UGF23AI281,B61,EN2423AI281,CSE (AI & ML),B.Tech,3rd Year / VI,CSE-AIML-B,9549080818,rohit.mehta86@jit.edu,Mrs. Faisal Mehta,9512005439,BIO0281,Right Little,FP-UGF23AI281-F04,45,ZKTeco SF100,2024-06-04,Active,Left Little
Onkar Nath Ambhore,Onkar,Nath,Ambhore,Male,2003-03-16,UGF23AI282,C61,EN2423AI282,CSE (AI & ML),B.Tech,3rd Year / VI,CSE-AIML-C,9584258607,onkar.ambhore89@jit.edu,Mr. Babita Ambhore,9485515372,BIO0282,Right Index,FP-UGF23AI282-F01,18,ZKTeco SF100,2024-06-17,Active,Right Little
Disha Pawar,Disha,,Pawar,Male,2003-07-22,UGF23AI283,A62,EN2423AI283,CSE (AI & ML),B.Tech,3rd Year / VI,CSE-AIML-A,9279587066,disha.pawar20@jit.edu,Mr. Nandini Pawar,9917178325,BIO0283,Right Ring,FP-UGF23AI283-F03,32,Startek FM220U,2024-06-11,Active,Left Thumb
Soham Nath Kale,Soham,Nath,Kale,Female,2003-10-24,UGF23AI284,B62,EN2423AI284,CSE (AI & ML),B.Tech,3rd Year / VI,CSE-AIML-B,9221559383,soham.kale83@jit.edu,Mr. Siddharth Kale,9932271276,BIO0284,Right Little,FP-UGF23AI284-F04,52,Startek FM220U,2024-06-02,Active,Left Index
Ila Raj Ingole,Ila,Raj,Ingole,Male,2003-09-07,UGF23AI285,C62,EN2423AI285,CSE (AI & ML),B.Tech,3rd Year / VI,CSE-AIML-C,9134607126,ila.ingole67@jit.edu,Dr. Zara Ingole,9976955647,BIO0285,Right Index,FP-UGF23AI285-F01,23,ZKTeco K40,2024-06-13,Active,Right Middle
Rohit Shankar Hande,Rohit,Shankar,Hande,Female,2003-12-12,UGF23AI286,A63,EN2423AI286,CSE (AI & ML),B.Tech,3rd Year / VI,CSE-AIML-A,9761587312,rohit.hande27@jit.edu,Mrs. Seema Hande,9322203053,BIO0286,Right Ring,FP-UGF23AI286-F03,69,Secugen Hamster Pro,2024-06-04,Active,Left Index
Indira Bhatia,Indira,,Bhatia,Male,2003-06-23,UGF23AI287,B63,EN2423AI287,CSE (AI & ML),B.Tech,3rd Year / VI,CSE-AIML-B,9652348887,indira.bhatia96@jit.edu,Mr. Manish Bhatia,9905407446,BIO0287,Right Little,FP-UGF23AI287-F04,68,Mantra MFS100,2024-06-17,Active,Right Thumb
Babita Lal Kulkarni,Babita,Lal,Kulkarni,Male,2003-04-05,UGF23AI288,C63,EN2423AI288,CSE (AI & ML),B.Tech,3rd Year / VI,CSE-AIML-C,9625552311,babita.kulkarni28@jit.edu,Dr. Mahesh Kulkarni,9544770805,BIO0288,Right Index,FP-UGF23AI288-F01,42,Mantra MFS100,2024-06-04,Active,Right Middle
Hemant Chand More,Hemant,Chand,More,Male,2003-08-16,UGF23AI289,A64,EN2423AI289,CSE (AI & ML),B.Tech,3rd Year / VI,CSE-AIML-A,9884832186,hemant.more68@jit.edu,Dr. Yamini More,9168000803,BIO0289,Right Thumb,FP-UGF23AI289-F00,68,Secugen Hamster Pro,2024-06-16,Active,Right Little
Tariq Shankar Pawar,Tariq,Shankar,Pawar,Female,2003-05-11,UGF23AI290,B64,EN2423AI290,CSE (AI & ML),B.Tech,3rd Year / VI,CSE-AIML-B,9240224505,tariq.pawar82@jit.edu,Prof. Mukesh Pawar,9469087606,BIO0290,Right Little,FP-UGF23AI290-F04,61,Mantra MFS100,2024-06-17,Active,Right Thumb
Mukesh Verma,Mukesh,,Verma,Male,2003-02-28,UGF23AI291,C64,EN2423AI291,CSE (AI & ML),B.Tech,3rd Year / VI,CSE-AIML-C,9559346003,mukesh.verma35@jit.edu,Mrs. Farhan Verma,9797929178,BIO0291,Right Ring,FP-UGF23AI291-F03,37,Startek FM220U,2024-06-21,Active,Left Thumb
Anjali Chand Nair,Anjali,Chand,Nair,Male,2003-06-22,UGF23AI292,A65,EN2423AI292,CSE (AI & ML),B.Tech,3rd Year / VI,CSE-AIML-A,9771737478,anjali.nair49@jit.edu,Mrs. Jayesh Nair,9803821904,BIO0292,Right Thumb,FP-UGF23AI292-F00,23,ZKTeco SF100,2024-06-06,Active,Right Index
Divya Lal Hande,Divya,Lal,Hande,Male,2003-04-17,UGF23AI293,B65,EN2423AI293,CSE (AI & ML),B.Tech,3rd Year / VI,CSE-AIML-B,9846891707,divya.hande53@jit.edu,Mr. Babita Hande,9553456129,BIO0293,Right Thumb,FP-UGF23AI293-F00,62,Startek FM220U,2024-06-05,Active,Right Middle
Harsha Prasad Shah,Harsha,Prasad,Shah,Female,2003-06-12,UGF23AI294,C65,EN2423AI294,CSE (AI & ML),B.Tech,3rd Year / VI,CSE-AIML-C,9788887139,harsha.shah96@jit.edu,Mrs. Dev Shah,9669628927,BIO0294,Right Ring,FP-UGF23AI294-F03,54,ZKTeco SF100,2024-06-17,Active,Right Middle
Ekta Shankar Yadav,Ekta,Shankar,Yadav,Male,2003-07-20,UGF23AI295,A66,EN2423AI295,CSE (AI & ML),B.Tech,3rd Year / VI,CSE-AIML-A,9207873599,ekta.yadav27@jit.edu,Mr. Harsh Yadav,9883841357,BIO0295,Right Index,FP-UGF23AI295-F01,42,Startek FM220U,2024-06-05,Active,Left Middle
Manish Das Upadhyay,Manish,Das,Upadhyay,Female,2003-11-03,UGF23AI296,B66,EN2423AI296,CSE (AI & ML),B.Tech,3rd Year / VI,CSE-AIML-B,9874360740,manish.upadhyay87@jit.edu,Dr. Leela Upadhyay,9841393046,BIO0296,Right Little,FP-UGF23AI296-F04,19,Secugen Hamster Pro,2024-06-19,Active,Left Thumb
Jatin Ghosh,Jatin,,Ghosh,Male,2003-12-13,UGF23AI297,C66,EN2423AI297,CSE (AI & ML),B.Tech,3rd Year / VI,CSE-AIML-C,9514341484,jatin.ghosh24@jit.edu,Mrs. Tejas Ghosh,9785135687,BIO0297,Right Index,FP-UGF23AI297-F01,56,ZKTeco K40,2024-06-17,Active,Right Thumb
Nilesh Ram Kulkarni,Nilesh,Ram,Kulkarni,Female,2003-07-28,UGF23AI298,A67,EN2423AI298,CSE (AI & ML),B.Tech,3rd Year / VI,CSE-AIML-A,9833303441,nilesh.kulkarni32@jit.edu,Prof. Kamla Kulkarni,9178374393,BIO0298,Right Middle,FP-UGF23AI298-F02,19,Startek FM220U,2024-06-08,Active,Right Thumb
Bhavna Raj Bhosale,Bhavna,Raj,Bhosale,Male,2003-09-10,UGF23AI299,B67,EN2423AI299,CSE (AI & ML),B.Tech,3rd Year / VI,CSE-AIML-B,9853563434,bhavna.bhosale61@jit.edu,Mr. Namrata Bhosale,9676132087,BIO0299,Right Ring,FP-UGF23AI299-F03,52,Secugen Hamster Pro,2024-06-06,Active,Left Thumb
Gaurav Jain,Gaurav,,Jain,Male,2003-03-18,UGF23AI300,C67,EN2423AI300,CSE (AI & ML),B.Tech,3rd Year / VI,CSE-AIML-C,9433041955,gaurav.jain99@jit.edu,Prof. Firoz Jain,9356234948,BIO0300,Right Little,FP-UGF23AI300-F04,21,Startek FM220U,2024-06-16,Active,Left Middle
Kalpesh Mishra,Kalpesh,,Mishra,Male,2003-05-22,UGF23AI301,A68,EN2423AI301,CSE (AI & ML),B.Tech,3rd Year / VI,CSE-AIML-A,9860102491,kalpesh.mishra27@jit.edu,Mr. Neha Mishra,9633019326,BIO0301,Right Thumb,FP-UGF23AI301-F00,40,ZKTeco SF100,2024-06-03,Active,Left Thumb
Lakshmi Chand Patil,Lakshmi,Chand,Patil,Female,2003-01-11,UGF23AI302,B68,EN2423AI302,CSE (AI & ML),B.Tech,3rd Year / VI,CSE-AIML-B,9168582026,lakshmi.patil43@jit.edu,Mr. Tejas Patil,9588764892,BIO0302,Right Middle,FP-UGF23AI302-F02,50,Startek FM220U,2024-06-01,Active,Left Ring
Nikhil Rao Agarwal,Nikhil,Rao,Agarwal,Female,2003-05-25,UGF23AI303,C68,EN2423AI303,CSE (AI & ML),B.Tech,3rd Year / VI,CSE-AIML-C,9895406424,nikhil.agarwal75@jit.edu,Mr. Bhavna Agarwal,9113194223,BIO0303,Right Thumb,FP-UGF23AI303-F00,33,Secugen Hamster Pro,2024-06-23,Active,Left Index
Mohit Nath Kumar,Mohit,Nath,Kumar,Male,2003-09-26,UGF23AI304,A69,EN2423AI304,CSE (AI & ML),B.Tech,3rd Year / VI,CSE-AIML-A,9366570563,mohit.kumar63@jit.edu,Dr. Siddharth Kumar,9986907524,BIO0304,Right Index,FP-UGF23AI304-F01,22,Startek FM220U,2024-06-04,Active,Right Middle
Iqbal Raj Chopra,Iqbal,Raj,Chopra,Male,2003-04-26,UGF23AI305,B69,EN2423AI305,CSE (AI & ML),B.Tech,3rd Year / VI,CSE-AIML-B,9599391065,iqbal.chopra46@jit.edu,Dr. Vikas Chopra,9192755745,BIO0305,Right Ring,FP-UGF23AI305-F03,53,ZKTeco K40,2024-06-10,Active,Left Index
Esha Bala Pandey,Esha,Bala,Pandey,Female,2003-08-12,UGF23AI306,C69,EN2423AI306,CSE (AI & ML),B.Tech,3rd Year / VI,CSE-AIML-C,9916561565,esha.pandey41@jit.edu,Mrs. Aarav Pandey,9540272920,BIO0306,Right Index,FP-UGF23AI306-F01,19,Startek FM220U,2024-06-08,Active,Left Index
Abhishek Kumar Fernandes,Abhishek,Kumar,Fernandes,Male,2003-01-25,UGF23AI307,A70,EN2423AI307,CSE (AI & ML),B.Tech,3rd Year / VI,CSE-AIML-A,9320325776,abhishek.fernandes77@jit.edu,Mrs. Isha Fernandes,9628311983,BIO0307,Right Middle,FP-UGF23AI307-F02,21,Startek FM220U,2024-06-05,Inactive,Right Ring
Harsha Raj Mukherjee,Harsha,Raj,Mukherjee,Male,2003-09-14,UGF23AI308,B70,EN2423AI308,CSE (AI & ML),B.Tech,3rd Year / VI,CSE-AIML-B,9723597716,harsha.mukherjee22@jit.edu,Mrs. Namrata Mukherjee,9980428452,BIO0308,Right Ring,FP-UGF23AI308-F03,43,Mantra MFS100,2024-06-04,Active,Right Thumb
Lakshmi Das Wagh,Lakshmi,Das,Wagh,Male,2003-05-28,UGF23AI309,C70,EN2423AI309,CSE (AI & ML),B.Tech,3rd Year / VI,CSE-AIML-C,9586145040,lakshmi.wagh44@jit.edu,Mrs. Divya Wagh,9317661025,BIO0309,Right Middle,FP-UGF23AI309-F02,26,Startek FM220U,2024-06-16,Active,Right Index
Nikhil Lokhande,Nikhil,,Lokhande,Female,2003-06-14,UGF23AI310,A71,EN2423AI310,CSE (AI & ML),B.Tech,3rd Year / VI,CSE-AIML-A,9585242269,nikhil.lokhande49@jit.edu,Prof. Shruti Lokhande,9228756206,BIO0310,Right Middle,FP-UGF23AI310-F02,23,Secugen Hamster Pro,2024-06-23,Active,Left Thumb
Bharat Singh,Bharat,,Singh,Female,2003-04-27,UGF23AI311,B71,EN2423AI311,CSE (AI & ML),B.Tech,3rd Year / VI,CSE-AIML-B,9481975879,bharat.singh60@jit.edu,Mr. Tushar Singh,9420877774,BIO0311,Right Thumb,FP-UGF23AI311-F00,34,ZKTeco SF100,2024-06-16,Active,Right Ring
Girish Ambhore,Girish,,Ambhore,Male,2003-12-18,UGF23AI312,C71,EN2423AI312,CSE (AI & ML),B.Tech,3rd Year / VI,CSE-AIML-C,9963177562,girish.ambhore27@jit.edu,Mr. Aditi Ambhore,9166216779,BIO0312,Right Ring,FP-UGF23AI312-F03,71,ZKTeco K40,2024-06-19,Active,Right Little
Tariq Prakash More,Tariq,Prakash,More,Female,2003-11-21,UGF23AI313,A72,EN2423AI313,CSE (AI & ML),B.Tech,3rd Year / VI,CSE-AIML-A,9377906552,tariq.more19@jit.edu,Mr. Dev More,9312332805,BIO0313,Right Little,FP-UGF23AI313-F04,59,ZKTeco K40,2024-06-06,Active,Right Middle
Yamini Ram Patil,Yamini,Ram,Patil,Male,2003-01-15,UGF23AI314,B72,EN2423AI314,CSE (AI & ML),B.Tech,3rd Year / VI,CSE-AIML-B,9982277976,yamini.patil60@jit.edu,Prof. Anika Patil,9510952606,BIO0314,Right Little,FP-UGF23AI314-F04,61,ZKTeco SF100,2024-06-25,Active,Left Index
Om Chand Upadhyay,Om,Chand,Upadhyay,Female,2003-08-05,UGF23AI315,C72,EN2423AI315,CSE (AI & ML),B.Tech,3rd Year / VI,CSE-AIML-C,9363909394,om.upadhyay92@jit.edu,Dr. Tejas Upadhyay,9542373256,BIO0315,Right Little,FP-UGF23AI315-F04,53,Secugen Hamster Pro,2024-06-25,Active,Right Index
Manish Sai Iyer,Manish,Sai,Iyer,Male,2003-11-26,UGF23AI316,A73,EN2423AI316,CSE (AI & ML),B.Tech,3rd Year / VI,CSE-AIML-A,9510704185,manish.iyer55@jit.edu,Prof. Bhushan Iyer,9939059557,BIO0316,Right Little,FP-UGF23AI316-F04,49,ZKTeco SF100,2024-06-10,Active,Left Little
Siddharth Nath Patel,Siddharth,Nath,Patel,Male,2003-06-20,UGF23AI317,B73,EN2423AI317,CSE (AI & ML),B.Tech,3rd Year / VI,CSE-AIML-B,9968285490,siddharth.patel70@jit.edu,Dr. Kamla Patel,9727053322,BIO0317,Right Middle,FP-UGF23AI317-F02,32,ZKTeco K40,2024-06-19,Inactive,Right Index
Rohit Chand Vaghmare,Rohit,Chand,Vaghmare,Male,2003-12-02,UGF23AI318,C73,EN2423AI318,CSE (AI & ML),B.Tech,3rd Year / VI,CSE-AIML-C,9480968571,rohit.vaghmare32@jit.edu,Mrs. Rohit Vaghmare,9736212983,BIO0318,Right Little,FP-UGF23AI318-F04,38,ZKTeco SF100,2024-06-02,Active,Left Index
Anika Rao Bhange,Anika,Rao,Bhange,Female,2003-10-05,UGF23AI319,A74,EN2423AI319,CSE (AI & ML),B.Tech,3rd Year / VI,CSE-AIML-A,9431843213,anika.bhange32@jit.edu,Prof. Arjun Bhange,9196913120,BIO0319,Right Ring,FP-UGF23AI319-F03,21,ZKTeco SF100,2024-06-08,Active,Right Little
Rekha Kumar Fernandes,Rekha,Kumar,Fernandes,Female,2003-10-07,UGF23AI320,B74,EN2423AI320,CSE (AI & ML),B.Tech,3rd Year / VI,CSE-AIML-B,9961596686,rekha.fernandes51@jit.edu,Mr. Akash Fernandes,9258604568,BIO0320,Right Middle,FP-UGF23AI320-F02,55,ZKTeco SF100,2024-06-01,Active,Right Ring
Yamini Londhe,Yamini,,Londhe,Male,2003-02-12,UGF23AI321,C74,EN2423AI321,CSE (AI & ML),B.Tech,3rd Year / VI,CSE-AIML-C,9461379699,yamini.londhe48@jit.edu,Dr. Manish Londhe,9269118504,BIO0321,Right Little,FP-UGF23AI321-F04,64,Startek FM220U,2024-06-04,Active,Left Ring
Nisha Kharat,Nisha,,Kharat,Male,2003-06-08,UGF23AI322,A75,EN2423AI322,CSE (AI & ML),B.Tech,3rd Year / VI,CSE-AIML-A,9429448930,nisha.kharat98@jit.edu,Dr. Lakshmi Kharat,9290812817,BIO0322,Right Index,FP-UGF23AI322-F01,64,Secugen Hamster Pro,2024-06-05,Active,Left Middle
Kamla Kumar,Kamla,,Kumar,Female,2003-03-20,UGF23AI323,B75,EN2423AI323,CSE (AI & ML),B.Tech,3rd Year / VI,CSE-AIML-B,9211787506,kamla.kumar73@jit.edu,Mrs. Vishal Kumar,9900306310,BIO0323,Right Index,FP-UGF23AI323-F01,22,Secugen Hamster Pro,2024-06-16,Active,Left Index
Gunjan Devi Fernandes,Gunjan,Devi,Fernandes,Male,2003-08-01,UGF23AI324,C75,EN2423AI324,CSE (AI & ML),B.Tech,3rd Year / VI,CSE-AIML-C,9476326283,gunjan.fernandes42@jit.edu,Mr. Ekta Fernandes,9101375634,BIO0324,Right Index,FP-UGF23AI324-F01,21,ZKTeco SF100,2024-06-18,Active,Left Middle
Gunjan Sai Pawar,Gunjan,Sai,Pawar,Male,2003-07-12,UGF23AI325,A76,EN2423AI325,CSE (AI & ML),B.Tech,3rd Year / VI,CSE-AIML-A,9946892378,gunjan.pawar83@jit.edu,Mrs. Neha Pawar,9584566178,BIO0325,Right Thumb,FP-UGF23AI325-F00,22,Startek FM220U,2024-06-09,Active,Right Index
Vanshika Chand Shah,Vanshika,Chand,Shah,Male,2003-02-11,UGF23AI326,B76,EN2423AI326,CSE (AI & ML),B.Tech,3rd Year / VI,CSE-AIML-B,9687386446,vanshika.shah21@jit.edu,Dr. Indira Shah,9758896006,BIO0326,Right Index,FP-UGF23AI326-F01,48,Startek FM220U,2024-06-21,Active,Left Middle
Nikhil Hivrale,Nikhil,,Hivrale,Female,2003-03-02,UGF23AI327,C76,EN2423AI327,CSE (AI & ML),B.Tech,3rd Year / VI,CSE-AIML-C,9539460908,nikhil.hivrale99@jit.edu,Dr. Rajesh Hivrale,9402283096,BIO0327,Right Index,FP-UGF23AI327-F01,37,Mantra MFS100,2024-06-23,Active,Right Thumb
Chetna Yadav,Chetna,,Yadav,Male,2003-01-12,UGF23AI328,A77,EN2423AI328,CSE (AI & ML),B.Tech,3rd Year / VI,CSE-AIML-A,9984652998,chetna.yadav94@jit.edu,Prof. Pooja Yadav,9204138894,BIO0328,Right Thumb,FP-UGF23AI328-F00,19,Startek FM220U,2024-06-26,Active,Left Thumb
Pallavi Prasad Banerjee,Pallavi,Prasad,Banerjee,Female,2003-07-16,UGF23AI329,B77,EN2423AI329,CSE (AI & ML),B.Tech,3rd Year / VI,CSE-AIML-B,9516104074,pallavi.banerjee33@jit.edu,Dr. Gunjan Banerjee,9509573649,BIO0329,Right Thumb,FP-UGF23AI329-F00,41,Mantra MFS100,2024-06-11,Active,Right Index
Omkar Chand Lal,Omkar,Chand,Lal,Male,2003-05-19,UGF23AI330,C77,EN2423AI330,CSE (AI & ML),B.Tech,3rd Year / VI,CSE-AIML-C,9817411121,omkar.lal54@jit.edu,Prof. Ila Lal,9733213949,BIO0330,Right Thumb,FP-UGF23AI330-F00,32,ZKTeco SF100,2024-06-25,Active,Left Middle
Isha Mane,Isha,,Mane,Male,2003-10-08,UGF23AI331,A78,EN2423AI331,CSE (AI & ML),B.Tech,3rd Year / VI,CSE-AIML-A,9866979905,isha.mane14@jit.edu,Mrs. Kunal Mane,9913025234,BIO0331,Right Thumb,FP-UGF23AI331-F00,46,Mantra MFS100,2024-06-11,Active,Right Ring
Ramesh Shankar Kulkarni,Ramesh,Shankar,Kulkarni,Female,2003-01-14,UGF23AI332,B78,EN2423AI332,CSE (AI & ML),B.Tech,3rd Year / VI,CSE-AIML-B,9995616775,ramesh.kulkarni86@jit.edu,Dr. Vanshika Kulkarni,9880720904,BIO0332,Right Index,FP-UGF23AI332-F01,69,Startek FM220U,2024-06-24,Active,Left Middle
Chetna Ram Upadhyay,Chetna,Ram,Upadhyay,Female,2003-09-15,UGF23AI333,C78,EN2423AI333,CSE (AI & ML),B.Tech,3rd Year / VI,CSE-AIML-C,9939328588,chetna.upadhyay63@jit.edu,Mr. Isha Upadhyay,9260677223,BIO0333,Right Little,FP-UGF23AI333-F04,27,Secugen Hamster Pro,2024-06-26,Active,Right Index
Esha Prasad Vaidya,Esha,Prasad,Vaidya,Male,2003-09-12,UGF23AI334,A79,EN2423AI334,CSE (AI & ML),B.Tech,3rd Year / VI,CSE-AIML-A,9714205272,esha.vaidya87@jit.edu,Prof. Arjun Vaidya,9284898049,BIO0334,Right Ring,FP-UGF23AI334-F03,35,Mantra MFS100,2024-06-13,Active,Left Middle
Gunjan Ram Nambiar,Gunjan,Ram,Nambiar,Male,2003-01-24,UGF23AI335,B79,EN2423AI335,CSE (AI & ML),B.Tech,3rd Year / VI,CSE-AIML-B,9462780939,gunjan.nambiar48@jit.edu,Dr. Sneha Nambiar,9627872109,BIO0335,Right Middle,FP-UGF23AI335-F02,72,Mantra MFS100,2024-06-11,Active,Right Index
Ritika Lal Ahuja,Ritika,Lal,Ahuja,Male,2003-12-15,UGF23AI336,C79,EN2423AI336,CSE (AI & ML),B.Tech,3rd Year / VI,CSE-AIML-C,9749591392,ritika.ahuja92@jit.edu,Mr. Pankaj Ahuja,9574289591,BIO0336,Right Middle,FP-UGF23AI336-F02,31,Mantra MFS100,2024-06-02,Active,Left Middle
Jagdish More,Jagdish,,More,Male,2003-01-17,UGF23AI337,A80,EN2423AI337,CSE (AI & ML),B.Tech,3rd Year / VI,CSE-AIML-A,9861894343,jagdish.more74@jit.edu,Prof. Manish More,9938073130,BIO0337,Right Thumb,FP-UGF23AI337-F00,72,ZKTeco SF100,2024-06-01,Active,Right Index
Farhan Shankar Mishra,Farhan,Shankar,Mishra,Female,2003-04-02,UGF23AI338,B80,EN2423AI338,CSE (AI & ML),B.Tech,3rd Year / VI,CSE-AIML-B,9394181098,farhan.mishra57@jit.edu,Prof. Urmila Mishra,9526213526,BIO0338,Right Middle,FP-UGF23AI338-F02,58,ZKTeco K40,2024-06-12,Active,Right Thumb
Sumit Jadhav,Sumit,,Jadhav,Male,2003-03-28,UGF23AI339,C80,EN2423AI339,CSE (AI & ML),B.Tech,3rd Year / VI,CSE-AIML-C,9469634556,sumit.jadhav30@jit.edu,Dr. Hemant Jadhav,9992140083,BIO0339,Right Little,FP-UGF23AI339-F04,62,Secugen Hamster Pro,2024-06-11,Active,Right Thumb
Neha Kaur,Neha,,Kaur,Male,2003-04-21,UGF23AI340,A81,EN2423AI340,CSE (AI & ML),B.Tech,3rd Year / VI,CSE-AIML-A,9651131533,neha.kaur12@jit.edu,Mr. Pallavi Kaur,9242071170,BIO0340,Right Middle,FP-UGF23AI340-F02,59,ZKTeco SF100,2024-06-19,Active,Right Thumb
Jatin Bala Upadhyay,Jatin,Bala,Upadhyay,Female,2003-07-13,UGF23AI341,B81,EN2423AI341,CSE (AI & ML),B.Tech,3rd Year / VI,CSE-AIML-B,9601113183,jatin.upadhyay48@jit.edu,Prof. Geeta Upadhyay,9209856785,BIO0341,Right Middle,FP-UGF23AI341-F02,18,Startek FM220U,2024-06-15,Active,Left Index
Indira Vaidya,Indira,,Vaidya,Male,2003-05-22,UGF23AI342,C81,EN2423AI342,CSE (AI & ML),B.Tech,3rd Year / VI,CSE-AIML-C,9396871629,indira.vaidya91@jit.edu,Dr. Babita Vaidya,9397302928,BIO0342,Right Thumb,FP-UGF23AI342-F00,34,Startek FM220U,2024-06-23,Active,Left Thumb
Wasim Das Mishra,Wasim,Das,Mishra,Male,2003-10-13,UGF23AI343,A82,EN2423AI343,CSE (AI & ML),B.Tech,3rd Year / VI,CSE-AIML-A,9803731001,wasim.mishra73@jit.edu,Dr. Shruti Mishra,9549431487,BIO0343,Right Index,FP-UGF23AI343-F01,43,Mantra MFS100,2024-06-05,Active,Right Thumb
Faisal Shankar Gaikwad,Faisal,Shankar,Gaikwad,Male,2003-12-23,UGF23AI344,B82,EN2423AI344,CSE (AI & ML),B.Tech,3rd Year / VI,CSE-AIML-B,9644725181,faisal.gaikwad48@jit.edu,Mrs. Vimal Gaikwad,9806108387,BIO0344,Right Ring,FP-UGF23AI344-F03,53,Secugen Hamster Pro,2024-06-19,Active,Right Index
Gajanan Chand Ambhore,Gajanan,Chand,Ambhore,Male,2003-03-22,UGF23AI345,C82,EN2423AI345,CSE (AI & ML),B.Tech,3rd Year / VI,CSE-AIML-C,9339796534,gajanan.ambhore49@jit.edu,Prof. Mukesh Ambhore,9455749066,BIO0345,Right Index,FP-UGF23AI345-F01,41,ZKTeco K40,2024-06-16,Active,Left Thumb
Kunal Gupta,Kunal,,Gupta,Male,2003-11-19,UGF23AI346,A83,EN2423AI346,CSE (AI & ML),B.Tech,3rd Year / VI,CSE-AIML-A,9308889819,kunal.gupta74@jit.edu,Mr. Dayanand Gupta,9830893658,BIO0346,Right Thumb,FP-UGF23AI346-F00,42,Secugen Hamster Pro,2024-06-08,Active,Left Middle
Amol Lal Tiwari,Amol,Lal,Tiwari,Female,2003-04-11,UGF23AI347,B83,EN2423AI347,CSE (AI & ML),B.Tech,3rd Year / VI,CSE-AIML-B,9439714150,amol.tiwari33@jit.edu,Mr. Sumit Tiwari,9457158145,BIO0347,Right Ring,FP-UGF23AI347-F03,58,Secugen Hamster Pro,2024-06-13,Inactive,Left Index
Aarav Upadhyay,Aarav,,Upadhyay,Female,2003-04-25,UGF23AI348,C83,EN2423AI348,CSE (AI & ML),B.Tech,3rd Year / VI,CSE-AIML-C,9625679392,aarav.upadhyay21@jit.edu,Mrs. Kalpesh Upadhyay,9565694083,BIO0348,Right Little,FP-UGF23AI348-F04,58,ZKTeco SF100,2024-06-02,Active,Left Middle
Eshaan Kumar Kumar,Eshaan,Kumar,Kumar,Male,2003-09-07,UGF23AI349,A84,EN2423AI349,CSE (AI & ML),B.Tech,3rd Year / VI,CSE-AIML-A,9912659064,eshaan.kumar77@jit.edu,Mrs. Akash Kumar,9826652789,BIO0349,Right Thumb,FP-UGF23AI349-F00,18,Mantra MFS100,2024-06-03,Active,Right Little
Farhan Rao Banerjee,Farhan,Rao,Banerjee,Male,2003-03-04,UGF23AI350,B84,EN2423AI350,CSE (AI & ML),B.Tech,3rd Year / VI,CSE-AIML-B,9279336562,farhan.banerjee18@jit.edu,Mr. Tanvi Banerjee,9412273967,BIO0350,Right Little,FP-UGF23AI350-F04,47,Secugen Hamster Pro,2024-06-14,Active,Left Little
Gunjan Lal Gaikwad,Gunjan,Lal,Gaikwad,Male,2003-08-12,UGF23AI351,C84,EN2423AI351,CSE (AI & ML),B.Tech,3rd Year / VI,CSE-AIML-C,9120535029,gunjan.gaikwad39@jit.edu,Mrs. Firoz Gaikwad,9240881133,BIO0351,Right Index,FP-UGF23AI351-F01,31,ZKTeco SF100,2024-06-02,Active,Left Little
Anjali Raj Naik,Anjali,Raj,Naik,Male,2003-11-09,UGF23AI352,A85,EN2423AI352,CSE (AI & ML),B.Tech,3rd Year / VI,CSE-AIML-A,9737721108,anjali.naik16@jit.edu,Mr. Priti Naik,9997777024,BIO0352,Right Little,FP-UGF23AI352-F04,19,Secugen Hamster Pro,2024-06-02,Active,Right Index
Dhruv Prasad Zende,Dhruv,Prasad,Zende,Male,2003-05-16,UGF23AI353,B85,EN2423AI353,CSE (AI & ML),B.Tech,3rd Year / VI,CSE-AIML-B,9423321334,dhruv.zende63@jit.edu,Mr. Rajesh Zende,9658677789,BIO0353,Right Index,FP-UGF23AI353-F01,35,ZKTeco SF100,2024-06-04,Active,Right Ring
Iqbal Prasad Salve,Iqbal,Prasad,Salve,Male,2003-12-20,UGF23AI354,C85,EN2423AI354,CSE (AI & ML),B.Tech,3rd Year / VI,CSE-AIML-C,9634443249,iqbal.salve35@jit.edu,Mrs. Leela Salve,9382387564,BIO0354,Right Thumb,FP-UGF23AI354-F00,71,Mantra MFS100,2024-06-23,Active,Right Little
Hina Bala Agarwal,Hina,Bala,Agarwal,Male,2003-01-18,UGF23AI355,A86,EN2423AI355,CSE (AI & ML),B.Tech,3rd Year / VI,CSE-AIML-A,9351798116,hina.agarwal10@jit.edu,Mr. Sarita Agarwal,9195566069,BIO0355,Right Ring,FP-UGF23AI355-F03,25,ZKTeco SF100,2024-06-11,Active,Left Ring
Harsha Joshi,Harsha,,Joshi,Male,2003-12-24,UGF23AI356,B86,EN2423AI356,CSE (AI & ML),B.Tech,3rd Year / VI,CSE-AIML-B,9417851397,harsha.joshi43@jit.edu,Prof. Chirag Joshi,9207169001,BIO0356,Right Index,FP-UGF23AI356-F01,70,Mantra MFS100,2024-06-23,Active,Right Thumb
Anjali Ram Gangurde,Anjali,Ram,Gangurde,Female,2003-12-04,UGF23AI357,C86,EN2423AI357,CSE (AI & ML),B.Tech,3rd Year / VI,CSE-AIML-C,9812272035,anjali.gangurde92@jit.edu,Mrs. Vishal Gangurde,9483892122,BIO0357,Right Thumb,FP-UGF23AI357-F00,46,ZKTeco K40,2024-06-23,Active,Left Thumb
Harsha Rao Gaikwad,Harsha,Rao,Gaikwad,Male,2003-03-04,UGF23AI358,A87,EN2423AI358,CSE (AI & ML),B.Tech,3rd Year / VI,CSE-AIML-A,9997335002,harsha.gaikwad59@jit.edu,Prof. Pushpa Gaikwad,9552839683,BIO0358,Right Ring,FP-UGF23AI358-F03,59,Startek FM220U,2024-06-14,Active,Right Middle
Bharat Raj Agarwal,Bharat,Raj,Agarwal,Male,2003-02-14,UGF23AI359,B87,EN2423AI359,CSE (AI & ML),B.Tech,3rd Year / VI,CSE-AIML-B,9294627041,bharat.agarwal88@jit.edu,Prof. Leela Agarwal,9485042651,BIO0359,Right Little,FP-UGF23AI359-F04,57,Startek FM220U,2024-06-08,Active,Right Middle
Sumit Prasad Dalvi,Sumit,Prasad,Dalvi,Male,2003-08-02,UGF23AI360,C87,EN2423AI360,CSE (AI & ML),B.Tech,3rd Year / VI,CSE-AIML-C,9856524312,sumit.dalvi96@jit.edu,Mrs. Sarita Dalvi,9463247548,BIO0360,Right Middle,FP-UGF23AI360-F02,51,Mantra MFS100,2024-06-24,Active,Right Index
Firoz Das Narwade,Firoz,Das,Narwade,Female,2003-06-22,UGF23AI361,A88,EN2423AI361,CSE (AI & ML),B.Tech,3rd Year / VI,CSE-AIML-A,9758111412,firoz.narwade16@jit.edu,Mr. Onkar Narwade,9268499484,BIO0361,Right Index,FP-UGF23AI361-F01,50,Startek FM220U,2024-06-05,Active,Left Ring
Divya Das,Divya,,Das,Female,2003-04-11,UGF23AI362,B88,EN2423AI362,CSE (AI & ML),B.Tech,3rd Year / VI,CSE-AIML-B,9691090113,divya.das92@jit.edu,Prof. Girish Das,9977357994,BIO0362,Right Little,FP-UGF23AI362-F04,33,ZKTeco K40,2024-06-18,Active,Left Ring
Madhuri Devi Pawar,Madhuri,Devi,Pawar,Male,2003-08-11,UGF23AI363,C88,EN2423AI363,CSE (AI & ML),B.Tech,3rd Year / VI,CSE-AIML-C,9533190034,madhuri.pawar62@jit.edu,Mr. Disha Pawar,9689590340,BIO0363,Right Thumb,FP-UGF23AI363-F00,18,Startek FM220U,2024-06-23,Active,Left Thumb
Disha Shankar Kale,Disha,Shankar,Kale,Male,2003-06-12,UGF23AI364,A89,EN2423AI364,CSE (AI & ML),B.Tech,3rd Year / VI,CSE-AIML-A,9701457391,disha.kale89@jit.edu,Prof. Devika Kale,9805627914,BIO0364,Right Ring,FP-UGF23AI364-F03,41,ZKTeco SF100,2024-06-25,Active,Right Index
Rajesh Das Hatwar,Rajesh,Das,Hatwar,Female,2003-06-12,UGF23AI365,B89,EN2423AI365,CSE (AI & ML),B.Tech,3rd Year / VI,CSE-AIML-B,9501461715,rajesh.hatwar99@jit.edu,Mr. Bhavna Hatwar,9276260482,BIO0365,Right Little,FP-UGF23AI365-F04,49,Mantra MFS100,2024-06-06,Active,Left Middle
Kalpesh Shankar Ghosh,Kalpesh,Shankar,Ghosh,Female,2003-02-28,UGF23AI366,C89,EN2423AI366,CSE (AI & ML),B.Tech,3rd Year / VI,CSE-AIML-C,9869645166,kalpesh.ghosh53@jit.edu,Mr. Ila Ghosh,9545034151,BIO0366,Right Ring,FP-UGF23AI366-F03,20,ZKTeco SF100,2024-06-14,Active,Right Index
Madhuri Hande,Madhuri,,Hande,Male,2003-09-05,UGF23AI367,A90,EN2423AI367,CSE (AI & ML),B.Tech,3rd Year / VI,CSE-AIML-A,9694022242,madhuri.hande65@jit.edu,Prof. Mithun Hande,9645818292,BIO0367,Right Little,FP-UGF23AI367-F04,67,ZKTeco K40,2024-06-11,Active,Right Middle
Nisha Lal Shah,Nisha,Lal,Shah,Female,2003-07-22,UGF23AI368,B90,EN2423AI368,CSE (AI & ML),B.Tech,3rd Year / VI,CSE-AIML-B,9513028367,nisha.shah63@jit.edu,Mrs. Sneha Shah,9527209652,BIO0368,Right Middle,FP-UGF23AI368-F02,39,Secugen Hamster Pro,2024-06-07,Inactive,Left Ring
Manish Sai Junghare,Manish,Sai,Junghare,Male,2003-12-24,UGF23AI369,C90,EN2423AI369,CSE (AI & ML),B.Tech,3rd Year / VI,CSE-AIML-C,9864369269,manish.junghare80@jit.edu,Mrs. Pooja Junghare,9325177291,BIO0369,Right Little,FP-UGF23AI369-F04,57,Mantra MFS100,2024-06-10,Active,Left Index
Lakshmi Nath Raut,Lakshmi,Nath,Raut,Male,2003-09-23,UGF23AI370,A91,EN2423AI370,CSE (AI & ML),B.Tech,3rd Year / VI,CSE-AIML-A,9703743777,lakshmi.raut71@jit.edu,Prof. Tushar Raut,9903017927,BIO0370,Right Thumb,FP-UGF23AI370-F00,71,Mantra MFS100,2024-06-06,Active,Left Middle
Wasim Prasad Patel,Wasim,Prasad,Patel,Male,2003-07-05,UGF23AI371,B91,EN2423AI371,CSE (AI & ML),B.Tech,3rd Year / VI,CSE-AIML-B,9905505027,wasim.patel30@jit.edu,Dr. Vidya Patel,9369037833,BIO0371,Right Index,FP-UGF23AI371-F01,27,ZKTeco K40,2024-06-25,Active,Left Thumb
Bhushan Raj Kadam,Bhushan,Raj,Kadam,Female,2003-08-04,UGF23AI372,C91,EN2423AI372,CSE (AI & ML),B.Tech,3rd Year / VI,CSE-AIML-C,9517563874,bhushan.kadam40@jit.edu,Dr. Abhishek Kadam,9813494536,BIO0372,Right Index,FP-UGF23AI372-F01,21,Secugen Hamster Pro,2024-06-07,Active,Left Middle
Mukesh Ram Zende,Mukesh,Ram,Zende,Female,2003-01-01,UGF23AI373,A92,EN2423AI373,CSE (AI & ML),B.Tech,3rd Year / VI,CSE-AIML-A,9938511718,mukesh.zende66@jit.edu,Mrs. Jyoti Zende,9780525215,BIO0373,Right Index,FP-UGF23AI373-F01,63,Mantra MFS100,2024-06-03,Active,Left Index
Bhushan Iyer,Bhushan,,Iyer,Male,2003-12-07,UGF23AI374,B92,EN2423AI374,CSE (AI & ML),B.Tech,3rd Year / VI,CSE-AIML-B,9300764570,bhushan.iyer32@jit.edu,Mr. Dhruv Iyer,9143630672,BIO0374,Right Index,FP-UGF23AI374-F01,45,Startek FM220U,2024-06-17,Active,Left Thumb
Geeta Chand Hatwar,Geeta,Chand,Hatwar,Female,2003-06-15,UGF23AI375,C92,EN2423AI375,CSE (AI & ML),B.Tech,3rd Year / VI,CSE-AIML-C,9446421355,geeta.hatwar86@jit.edu,Mr. Leela Hatwar,9771482340,BIO0375,Right Thumb,FP-UGF23AI375-F00,57,ZKTeco SF100,2024-06-04,Active,Left Thumb
Faisal Kadam,Faisal,,Kadam,Female,2003-02-26,UGF23AI376,A93,EN2423AI376,CSE (AI & ML),B.Tech,3rd Year / VI,CSE-AIML-A,9297427943,faisal.kadam76@jit.edu,Mr. Mukesh Kadam,9642390322,BIO0376,Right Little,FP-UGF23AI376-F04,28,Mantra MFS100,2024-06-04,Active,Left Little
Zara Das Kaur,Zara,Das,Kaur,Female,2003-11-11,UGF23AI377,B93,EN2423AI377,CSE (AI & ML),B.Tech,3rd Year / VI,CSE-AIML-B,9908157894,zara.kaur89@jit.edu,Prof. Disha Kaur,9984428681,BIO0377,Right Middle,FP-UGF23AI377-F02,66,Mantra MFS100,2024-06-16,Inactive,Right Thumb
Zara Nambiar,Zara,,Nambiar,Male,2003-11-20,UGF23AI378,C93,EN2423AI378,CSE (AI & ML),B.Tech,3rd Year / VI,CSE-AIML-C,9509495719,zara.nambiar24@jit.edu,Prof. Sandeep Nambiar,9680075399,BIO0378,Right Thumb,FP-UGF23AI378-F00,64,ZKTeco SF100,2024-06-07,Active,Left Little
Chetan Salve,Chetan,,Salve,Male,2003-08-16,UGF23AI379,A94,EN2423AI379,CSE (AI & ML),B.Tech,3rd Year / VI,CSE-AIML-A,9651790232,chetan.salve20@jit.edu,Mr. Nikhil Salve,9930344435,BIO0379,Right Index,FP-UGF23AI379-F01,52,Mantra MFS100,2024-06-25,Active,Right Middle
Mahesh Shankar Gangurde,Mahesh,Shankar,Gangurde,Female,2003-02-07,UGF23AI380,B94,EN2423AI380,CSE (AI & ML),B.Tech,3rd Year / VI,CSE-AIML-B,9125504528,mahesh.gangurde68@jit.edu,Dr. Arjun Gangurde,9193974854,BIO0380,Right Thumb,FP-UGF23AI380-F00,22,Startek FM220U,2024-06-09,Active,Left Thumb
Faisal Das Saxena,Faisal,Das,Saxena,Male,2003-07-13,UGF23AI381,C94,EN2423AI381,CSE (AI & ML),B.Tech,3rd Year / VI,CSE-AIML-C,9118136542,faisal.saxena59@jit.edu,Mr. Amrita Saxena,9106333920,BIO0381,Right Ring,FP-UGF23AI381-F03,59,Startek FM220U,2024-06-12,Active,Right Index
Geeta Raj Joshi,Geeta,Raj,Joshi,Female,2003-06-17,UGF23AI382,A95,EN2423AI382,CSE (AI & ML),B.Tech,3rd Year / VI,CSE-AIML-A,9192884274,geeta.joshi46@jit.edu,Prof. Dhruv Joshi,9524249629,BIO0382,Right Middle,FP-UGF23AI382-F02,70,Mantra MFS100,2024-06-23,Active,Left Ring
Ravi Lal Bhosale,Ravi,Lal,Bhosale,Male,2003-09-10,UGF23AI383,B95,EN2423AI383,CSE (AI & ML),B.Tech,3rd Year / VI,CSE-AIML-B,9111972445,ravi.bhosale80@jit.edu,Mrs. Kunal Bhosale,9144853569,BIO0383,Right Middle,FP-UGF23AI383-F02,18,ZKTeco SF100,2024-06-06,Active,Left Middle
Gaurav Bala Jain,Gaurav,Bala,Jain,Male,2003-12-24,UGF23AI384,C95,EN2423AI384,CSE (AI & ML),B.Tech,3rd Year / VI,CSE-AIML-C,9793563667,gaurav.jain75@jit.edu,Mrs. Neha Jain,9297560682,BIO0384,Right Index,FP-UGF23AI384-F01,32,Mantra MFS100,2024-06-03,Active,Left Thumb
Om Gupta,Om,,Gupta,Male,2003-09-15,UGF23AI385,A96,EN2423AI385,CSE (AI & ML),B.Tech,3rd Year / VI,CSE-AIML-A,9821216549,om.gupta18@jit.edu,Dr. Ishaan Gupta,9311975522,BIO0385,Right Thumb,FP-UGF23AI385-F00,64,Secugen Hamster Pro,2024-06-06,Active,Left Index
Sarita Das Desai,Sarita,Das,Desai,Male,2003-05-20,UGF23AI386,B96,EN2423AI386,CSE (AI & ML),B.Tech,3rd Year / VI,CSE-AIML-B,9583877436,sarita.desai52@jit.edu,Dr. Abhishek Desai,9727247693,BIO0386,Right Middle,FP-UGF23AI386-F02,27,ZKTeco SF100,2024-06-24,Active,Left Index
Jayesh Nath Hatwar,Jayesh,Nath,Hatwar,Male,2003-06-08,UGF23AI387,C96,EN2423AI387,CSE (AI & ML),B.Tech,3rd Year / VI,CSE-AIML-C,9485995156,jayesh.hatwar27@jit.edu,Dr. Farhan Hatwar,9615346649,BIO0387,Right Ring,FP-UGF23AI387-F03,47,ZKTeco SF100,2024-06-01,Active,Left Thumb
Jiya Nath Junghare,Jiya,Nath,Junghare,Female,2003-02-27,UGF23AI388,A97,EN2423AI388,CSE (AI & ML),B.Tech,3rd Year / VI,CSE-AIML-A,9382646055,jiya.junghare90@jit.edu,Mr. Firoz Junghare,9180960086,BIO0388,Right Little,FP-UGF23AI388-F04,19,ZKTeco SF100,2024-06-18,Active,Right Thumb
Geeta Prakash Hande,Geeta,Prakash,Hande,Female,2003-04-02,UGF23AI389,B97,EN2423AI389,CSE (AI & ML),B.Tech,3rd Year / VI,CSE-AIML-B,9606917752,geeta.hande93@jit.edu,Mrs. Anjali Hande,9521441892,BIO0389,Right Little,FP-UGF23AI389-F04,32,Mantra MFS100,2024-06-09,Active,Left Thumb
Urmila Pillai,Urmila,,Pillai,Female,2003-07-12,UGF23AI390,C97,EN2423AI390,CSE (AI & ML),B.Tech,3rd Year / VI,CSE-AIML-C,9834612989,urmila.pillai31@jit.edu,Mrs. Madhuri Pillai,9270963770,BIO0390,Right Index,FP-UGF23AI390-F01,29,ZKTeco K40,2024-06-10,Active,Right Ring
Rekha Rao Singh,Rekha,Rao,Singh,Male,2003-04-25,UGF23AI391,A98,EN2423AI391,CSE (AI & ML),B.Tech,3rd Year / VI,CSE-AIML-A,9496678008,rekha.singh39@jit.edu,Mr. Sarita Singh,9322021972,BIO0391,Right Thumb,FP-UGF23AI391-F00,51,ZKTeco SF100,2024-06-11,Active,Left Index
Kedar Singh,Kedar,,Singh,Male,2003-01-21,UGF23AI392,B98,EN2423AI392,CSE (AI & ML),B.Tech,3rd Year / VI,CSE-AIML-B,9996437267,kedar.singh43@jit.edu,Mrs. Dhruv Singh,9801878526,BIO0392,Right Little,FP-UGF23AI392-F04,42,ZKTeco K40,2024-06-16,Active,Right Index
Dhruv Das Takle,Dhruv,Das,Takle,Female,2003-07-12,UGF23AI393,C98,EN2423AI393,CSE (AI & ML),B.Tech,3rd Year / VI,CSE-AIML-C,9107084208,dhruv.takle74@jit.edu,Mrs. Lalit Takle,9277817899,BIO0393,Right Ring,FP-UGF23AI393-F03,32,Startek FM220U,2024-06-15,Active,Left Thumb
Om Nath Londhe,Om,Nath,Londhe,Male,2003-10-23,UGF23AI394,A99,EN2423AI394,CSE (AI & ML),B.Tech,3rd Year / VI,CSE-AIML-A,9873368624,om.londhe24@jit.edu,Prof. Tushar Londhe,9614123310,BIO0394,Right Ring,FP-UGF23AI394-F03,48,ZKTeco SF100,2024-06-23,Active,Right Middle
Hina Kumar Pandey,Hina,Kumar,Pandey,Female,2003-01-05,UGF23AI395,B99,EN2423AI395,CSE (AI & ML),B.Tech,3rd Year / VI,CSE-AIML-B,9775963880,hina.pandey75@jit.edu,Mr. Hitesh Pandey,9714469480,BIO0395,Right Index,FP-UGF23AI395-F01,27,Secugen Hamster Pro,2024-06-08,Active,Left Thumb
Wasim Prakash Ingle,Wasim,Prakash,Ingle,Female,2003-10-21,UGF23AI396,C99,EN2423AI396,CSE (AI & ML),B.Tech,3rd Year / VI,CSE-AIML-C,9582328432,wasim.ingle87@jit.edu,Prof. Dayanand Ingle,9617187507,BIO0396,Right Thumb,FP-UGF23AI396-F00,28,Mantra MFS100,2024-06-26,Active,Left Middle
Nandini Deshpande,Nandini,,Deshpande,Male,2003-10-22,UGF23AI397,A100,EN2423AI397,CSE (AI & ML),B.Tech,3rd Year / VI,CSE-AIML-A,9586909856,nandini.deshpande86@jit.edu,Mr. Ritika Deshpande,9506101350,BIO0397,Right Index,FP-UGF23AI397-F01,42,Mantra MFS100,2024-06-10,Active,Right Thumb
Babita Fulzele,Babita,,Fulzele,Female,2003-03-20,UGF23AI398,B100,EN2423AI398,CSE (AI & ML),B.Tech,3rd Year / VI,CSE-AIML-B,9744045166,babita.fulzele14@jit.edu,Mr. Harsha Fulzele,9617802256,BIO0398,Right Ring,FP-UGF23AI398-F03,60,ZKTeco SF100,2024-06-23,Active,Left Little
Hitesh Sai Takle,Hitesh,Sai,Takle,Female,2003-07-12,UGF23AI399,C100,EN2423AI399,CSE (AI & ML),B.Tech,3rd Year / VI,CSE-AIML-C,9961463274,hitesh.takle71@jit.edu,Prof. Zara Takle,9732485566,BIO0399,Right Ring,FP-UGF23AI399-F03,69,Secugen Hamster Pro,2024-06-25,Active,Right Index
